--
-- PostgreSQL database dump
--

-- Dumped from database version 16.0
-- Dumped by pg_dump version 16.0

SET statement_timeout = 0;
SET lock_timeout = 0;
SET idle_in_transaction_session_timeout = 0;
SET client_encoding = 'UTF8';
SET standard_conforming_strings = on;
SELECT pg_catalog.set_config('search_path', '', false);
SET check_function_bodies = false;
SET xmloption = content;
SET client_min_messages = warning;
SET row_security = off;

SET default_tablespace = '';

SET default_table_access_method = heap;

--
-- Name: accounts_useraccount; Type: TABLE; Schema: public; Owner: admin
--

CREATE TABLE public.accounts_useraccount (
    id bigint NOT NULL,
    password character varying(128) NOT NULL,
    last_login timestamp with time zone,
    is_superuser boolean NOT NULL,
    email character varying(255) NOT NULL,
    name character varying(255) NOT NULL,
    is_active boolean NOT NULL,
    is_staff boolean NOT NULL
);


ALTER TABLE public.accounts_useraccount OWNER TO admin;

--
-- Name: accounts_useraccount_groups; Type: TABLE; Schema: public; Owner: admin
--

CREATE TABLE public.accounts_useraccount_groups (
    id bigint NOT NULL,
    useraccount_id bigint NOT NULL,
    group_id integer NOT NULL
);


ALTER TABLE public.accounts_useraccount_groups OWNER TO admin;

--
-- Name: accounts_useraccount_groups_id_seq; Type: SEQUENCE; Schema: public; Owner: admin
--

ALTER TABLE public.accounts_useraccount_groups ALTER COLUMN id ADD GENERATED BY DEFAULT AS IDENTITY (
    SEQUENCE NAME public.accounts_useraccount_groups_id_seq
    START WITH 1
    INCREMENT BY 1
    NO MINVALUE
    NO MAXVALUE
    CACHE 1
);


--
-- Name: accounts_useraccount_id_seq; Type: SEQUENCE; Schema: public; Owner: admin
--

ALTER TABLE public.accounts_useraccount ALTER COLUMN id ADD GENERATED BY DEFAULT AS IDENTITY (
    SEQUENCE NAME public.accounts_useraccount_id_seq
    START WITH 1
    INCREMENT BY 1
    NO MINVALUE
    NO MAXVALUE
    CACHE 1
);


--
-- Name: accounts_useraccount_user_permissions; Type: TABLE; Schema: public; Owner: admin
--

CREATE TABLE public.accounts_useraccount_user_permissions (
    id bigint NOT NULL,
    useraccount_id bigint NOT NULL,
    permission_id integer NOT NULL
);


ALTER TABLE public.accounts_useraccount_user_permissions OWNER TO admin;

--
-- Name: accounts_useraccount_user_permissions_id_seq; Type: SEQUENCE; Schema: public; Owner: admin
--

ALTER TABLE public.accounts_useraccount_user_permissions ALTER COLUMN id ADD GENERATED BY DEFAULT AS IDENTITY (
    SEQUENCE NAME public.accounts_useraccount_user_permissions_id_seq
    START WITH 1
    INCREMENT BY 1
    NO MINVALUE
    NO MAXVALUE
    CACHE 1
);


--
-- Name: auth_group; Type: TABLE; Schema: public; Owner: admin
--

CREATE TABLE public.auth_group (
    id integer NOT NULL,
    name character varying(150) NOT NULL
);


ALTER TABLE public.auth_group OWNER TO admin;

--
-- Name: auth_group_id_seq; Type: SEQUENCE; Schema: public; Owner: admin
--

ALTER TABLE public.auth_group ALTER COLUMN id ADD GENERATED BY DEFAULT AS IDENTITY (
    SEQUENCE NAME public.auth_group_id_seq
    START WITH 1
    INCREMENT BY 1
    NO MINVALUE
    NO MAXVALUE
    CACHE 1
);


--
-- Name: auth_group_permissions; Type: TABLE; Schema: public; Owner: admin
--

CREATE TABLE public.auth_group_permissions (
    id bigint NOT NULL,
    group_id integer NOT NULL,
    permission_id integer NOT NULL
);


ALTER TABLE public.auth_group_permissions OWNER TO admin;

--
-- Name: auth_group_permissions_id_seq; Type: SEQUENCE; Schema: public; Owner: admin
--

ALTER TABLE public.auth_group_permissions ALTER COLUMN id ADD GENERATED BY DEFAULT AS IDENTITY (
    SEQUENCE NAME public.auth_group_permissions_id_seq
    START WITH 1
    INCREMENT BY 1
    NO MINVALUE
    NO MAXVALUE
    CACHE 1
);


--
-- Name: auth_permission; Type: TABLE; Schema: public; Owner: admin
--

CREATE TABLE public.auth_permission (
    id integer NOT NULL,
    name character varying(255) NOT NULL,
    content_type_id integer NOT NULL,
    codename character varying(100) NOT NULL
);


ALTER TABLE public.auth_permission OWNER TO admin;

--
-- Name: auth_permission_id_seq; Type: SEQUENCE; Schema: public; Owner: admin
--

ALTER TABLE public.auth_permission ALTER COLUMN id ADD GENERATED BY DEFAULT AS IDENTITY (
    SEQUENCE NAME public.auth_permission_id_seq
    START WITH 1
    INCREMENT BY 1
    NO MINVALUE
    NO MAXVALUE
    CACHE 1
);


--
-- Name: category; Type: TABLE; Schema: public; Owner: admin
--

CREATE TABLE public.category (
    id bigint NOT NULL,
    title character varying(255) NOT NULL,
    slug character varying(255),
    image character varying(100) NOT NULL
);


ALTER TABLE public.category OWNER TO admin;

--
-- Name: category_id_seq; Type: SEQUENCE; Schema: public; Owner: admin
--

ALTER TABLE public.category ALTER COLUMN id ADD GENERATED BY DEFAULT AS IDENTITY (
    SEQUENCE NAME public.category_id_seq
    START WITH 1
    INCREMENT BY 1
    NO MINVALUE
    NO MAXVALUE
    CACHE 1
);


--
-- Name: django_admin_log; Type: TABLE; Schema: public; Owner: admin
--

CREATE TABLE public.django_admin_log (
    id integer NOT NULL,
    action_time timestamp with time zone NOT NULL,
    object_id text,
    object_repr character varying(200) NOT NULL,
    action_flag smallint NOT NULL,
    change_message text NOT NULL,
    content_type_id integer,
    user_id bigint NOT NULL,
    CONSTRAINT django_admin_log_action_flag_check CHECK ((action_flag >= 0))
);


ALTER TABLE public.django_admin_log OWNER TO admin;

--
-- Name: django_admin_log_id_seq; Type: SEQUENCE; Schema: public; Owner: admin
--

ALTER TABLE public.django_admin_log ALTER COLUMN id ADD GENERATED BY DEFAULT AS IDENTITY (
    SEQUENCE NAME public.django_admin_log_id_seq
    START WITH 1
    INCREMENT BY 1
    NO MINVALUE
    NO MAXVALUE
    CACHE 1
);


--
-- Name: django_content_type; Type: TABLE; Schema: public; Owner: admin
--

CREATE TABLE public.django_content_type (
    id integer NOT NULL,
    app_label character varying(100) NOT NULL,
    model character varying(100) NOT NULL
);


ALTER TABLE public.django_content_type OWNER TO admin;

--
-- Name: django_content_type_id_seq; Type: SEQUENCE; Schema: public; Owner: admin
--

ALTER TABLE public.django_content_type ALTER COLUMN id ADD GENERATED BY DEFAULT AS IDENTITY (
    SEQUENCE NAME public.django_content_type_id_seq
    START WITH 1
    INCREMENT BY 1
    NO MINVALUE
    NO MAXVALUE
    CACHE 1
);


--
-- Name: django_migrations; Type: TABLE; Schema: public; Owner: admin
--

CREATE TABLE public.django_migrations (
    id bigint NOT NULL,
    app character varying(255) NOT NULL,
    name character varying(255) NOT NULL,
    applied timestamp with time zone NOT NULL
);


ALTER TABLE public.django_migrations OWNER TO admin;

--
-- Name: django_migrations_id_seq; Type: SEQUENCE; Schema: public; Owner: admin
--

ALTER TABLE public.django_migrations ALTER COLUMN id ADD GENERATED BY DEFAULT AS IDENTITY (
    SEQUENCE NAME public.django_migrations_id_seq
    START WITH 1
    INCREMENT BY 1
    NO MINVALUE
    NO MAXVALUE
    CACHE 1
);


--
-- Name: django_session; Type: TABLE; Schema: public; Owner: admin
--

CREATE TABLE public.django_session (
    session_key character varying(40) NOT NULL,
    session_data text NOT NULL,
    expire_date timestamp with time zone NOT NULL
);


ALTER TABLE public.django_session OWNER TO admin;

--
-- Name: group; Type: TABLE; Schema: public; Owner: admin
--

CREATE TABLE public."group" (
    id bigint NOT NULL,
    title character varying(255) NOT NULL,
    subcategory_id bigint NOT NULL
);


ALTER TABLE public."group" OWNER TO admin;

--
-- Name: group_id_seq; Type: SEQUENCE; Schema: public; Owner: admin
--

ALTER TABLE public."group" ALTER COLUMN id ADD GENERATED BY DEFAULT AS IDENTITY (
    SEQUENCE NAME public.group_id_seq
    START WITH 1
    INCREMENT BY 1
    NO MINVALUE
    NO MAXVALUE
    CACHE 1
);


--
-- Name: products; Type: TABLE; Schema: public; Owner: admin
--

CREATE TABLE public.products (
    id uuid NOT NULL,
    title character varying(255) NOT NULL,
    feature character varying(255),
    description text,
    small_image character varying(100) NOT NULL,
    large_image character varying(100) NOT NULL,
    price numeric(10,2) NOT NULL,
    discount integer NOT NULL,
    calories text,
    proteins text,
    fats text,
    carbohydrates text,
    volume_or_weight text,
    composition text,
    storage_period text,
    storage_conditions text,
    manufacturer text,
    group_id bigint NOT NULL
);


ALTER TABLE public.products OWNER TO admin;

--
-- Name: subcategory; Type: TABLE; Schema: public; Owner: admin
--

CREATE TABLE public.subcategory (
    id bigint NOT NULL,
    title character varying(255) NOT NULL,
    slug character varying(255) NOT NULL,
    image character varying(100) NOT NULL,
    category_id bigint NOT NULL
);


ALTER TABLE public.subcategory OWNER TO admin;

--
-- Name: subcategory_id_seq; Type: SEQUENCE; Schema: public; Owner: admin
--

ALTER TABLE public.subcategory ALTER COLUMN id ADD GENERATED BY DEFAULT AS IDENTITY (
    SEQUENCE NAME public.subcategory_id_seq
    START WITH 1
    INCREMENT BY 1
    NO MINVALUE
    NO MAXVALUE
    CACHE 1
);


--
-- Data for Name: accounts_useraccount; Type: TABLE DATA; Schema: public; Owner: admin
--

COPY public.accounts_useraccount (id, password, last_login, is_superuser, email, name, is_active, is_staff) FROM stdin;
1	pbkdf2_sha256$600000$I0yJcdbnifbKwTVMKEY79P$yb7qcO92CRBNSF4cPeuodjJMsQGi311jFURmjhmxoUY=	\N	t	admin@admin.com	Veng0rd	t	t
\.


--
-- Data for Name: accounts_useraccount_groups; Type: TABLE DATA; Schema: public; Owner: admin
--

COPY public.accounts_useraccount_groups (id, useraccount_id, group_id) FROM stdin;
\.


--
-- Data for Name: accounts_useraccount_user_permissions; Type: TABLE DATA; Schema: public; Owner: admin
--

COPY public.accounts_useraccount_user_permissions (id, useraccount_id, permission_id) FROM stdin;
\.


--
-- Data for Name: auth_group; Type: TABLE DATA; Schema: public; Owner: admin
--

COPY public.auth_group (id, name) FROM stdin;
\.


--
-- Data for Name: auth_group_permissions; Type: TABLE DATA; Schema: public; Owner: admin
--

COPY public.auth_group_permissions (id, group_id, permission_id) FROM stdin;
\.


--
-- Data for Name: auth_permission; Type: TABLE DATA; Schema: public; Owner: admin
--

COPY public.auth_permission (id, name, content_type_id, codename) FROM stdin;
1	Can add log entry	1	add_logentry
2	Can change log entry	1	change_logentry
3	Can delete log entry	1	delete_logentry
4	Can view log entry	1	view_logentry
5	Can add permission	2	add_permission
6	Can change permission	2	change_permission
7	Can delete permission	2	delete_permission
8	Can view permission	2	view_permission
9	Can add group	3	add_group
10	Can change group	3	change_group
11	Can delete group	3	delete_group
12	Can view group	3	view_group
13	Can add content type	4	add_contenttype
14	Can change content type	4	change_contenttype
15	Can delete content type	4	delete_contenttype
16	Can view content type	4	view_contenttype
17	Can add session	5	add_session
18	Can change session	5	change_session
19	Can delete session	5	delete_session
20	Can view session	5	view_session
21	Can add Список категорий	6	add_category
22	Can change Список категорий	6	change_category
23	Can delete Список категорий	6	delete_category
24	Can view Список категорий	6	view_category
25	Can add Список групп	7	add_group
26	Can change Список групп	7	change_group
27	Can delete Список групп	7	delete_group
28	Can view Список групп	7	view_group
29	Can add Список подкатегорий	8	add_subcategory
30	Can change Список подкатегорий	8	change_subcategory
31	Can delete Список подкатегорий	8	delete_subcategory
32	Can view Список подкатегорий	8	view_subcategory
33	Can add Список товаров	9	add_product
34	Can change Список товаров	9	change_product
35	Can delete Список товаров	9	delete_product
36	Can view Список товаров	9	view_product
37	Can add user account	10	add_useraccount
38	Can change user account	10	change_useraccount
39	Can delete user account	10	delete_useraccount
40	Can view user account	10	view_useraccount
\.


--
-- Data for Name: category; Type: TABLE DATA; Schema: public; Owner: admin
--

COPY public.category (id, title, slug, image) FROM stdin;
1	Молоко, яйца и сыр	moloko-yajca-i-syr	img/category/9ecb524e05b2b4b3.jpg
2	Хлеб и выпечка	hleb-i-vypechka	img/category/160441_349334568.jpg
3	Овощи и фрукты	ovoschi-i-frukty	img/category/1694187180-pic1.jpg
4	Мясо и рыба	myaso-i-ryba	img/category/b6db88b1e3657695.jpg
5	Сладкое	sladkoe	img/category/186dd558-e7ec-4309-a576-abc39bc18202.jpg
\.


--
-- Data for Name: django_admin_log; Type: TABLE DATA; Schema: public; Owner: admin
--

COPY public.django_admin_log (id, action_time, object_id, object_repr, action_flag, change_message, content_type_id, user_id) FROM stdin;
\.


--
-- Data for Name: django_content_type; Type: TABLE DATA; Schema: public; Owner: admin
--

COPY public.django_content_type (id, app_label, model) FROM stdin;
1	admin	logentry
2	auth	permission
3	auth	group
4	contenttypes	contenttype
5	sessions	session
6	products	category
7	products	group
8	products	subcategory
9	products	product
10	accounts	useraccount
\.


--
-- Data for Name: django_migrations; Type: TABLE DATA; Schema: public; Owner: admin
--

COPY public.django_migrations (id, app, name, applied) FROM stdin;
1	contenttypes	0001_initial	2023-12-06 19:31:19.690308+00
2	contenttypes	0002_remove_content_type_name	2023-12-06 19:31:19.709877+00
3	auth	0001_initial	2023-12-06 19:31:19.777328+00
4	auth	0002_alter_permission_name_max_length	2023-12-06 19:31:19.785802+00
5	auth	0003_alter_user_email_max_length	2023-12-06 19:31:19.800299+00
6	auth	0004_alter_user_username_opts	2023-12-06 19:31:19.814455+00
7	auth	0005_alter_user_last_login_null	2023-12-06 19:31:19.822882+00
8	auth	0006_require_contenttypes_0002	2023-12-06 19:31:19.82833+00
9	auth	0007_alter_validators_add_error_messages	2023-12-06 19:31:19.839817+00
10	auth	0008_alter_user_username_max_length	2023-12-06 19:31:19.855201+00
11	auth	0009_alter_user_last_name_max_length	2023-12-06 19:31:19.866701+00
12	auth	0010_alter_group_name_max_length	2023-12-06 19:31:19.881357+00
13	auth	0011_update_proxy_permissions	2023-12-06 19:31:19.895669+00
14	auth	0012_alter_user_first_name_max_length	2023-12-06 19:31:19.903404+00
15	accounts	0001_initial	2023-12-06 19:31:19.971565+00
16	admin	0001_initial	2023-12-06 19:31:20.000122+00
17	admin	0002_logentry_remove_auto_add	2023-12-06 19:31:20.010549+00
18	admin	0003_logentry_add_action_flag_choices	2023-12-06 19:31:20.020447+00
19	products	0001_initial	2023-12-06 19:31:20.12018+00
20	sessions	0001_initial	2023-12-06 19:31:20.140662+00
\.


--
-- Data for Name: django_session; Type: TABLE DATA; Schema: public; Owner: admin
--

COPY public.django_session (session_key, session_data, expire_date) FROM stdin;
\.


--
-- Data for Name: group; Type: TABLE DATA; Schema: public; Owner: admin
--

COPY public."group" (id, title, subcategory_id) FROM stdin;
1	Молоко	1
2	Яйца	1
3	Сметана	1
\.


--
-- Data for Name: products; Type: TABLE DATA; Schema: public; Owner: admin
--

COPY public.products (id, title, feature, description, small_image, large_image, price, discount, calories, proteins, fats, carbohydrates, volume_or_weight, composition, storage_period, storage_conditions, manufacturer, group_id) FROM stdin;
ba8586f3-807b-4ef0-8a7d-291b71847845	Сметана Любимое молоко 15%	\N		img/products/small/132968_682656811.jpg	img/products/large/132968_682656811.jpg	68.00	11	160	2,6 г	15 г	3,6 г	300 г	Сливки, закваска молочнокислых культур	1 месяц	При температуре от +2°С до +4°С	АО Любинский молочноконсервный комбинат, Россия	3
6482025f-72c4-4158-8e7f-705855595982	Молоко Parmalat ультрапастеризованное, 3,5%	\N		img/products/small/89d40eec23db5880_4601662000016_Cpwz6LD.jpg	img/products/large/89d40eec23db5880_4601662000016.jpg	125.00	0	62	3 г	3,5 г	4,7 г	1 л	Нормализованное коровье молоко	9 месяцев	При температуре от +2°C до +25°C	АО Белгородский молочный комбинат, Россия	1
f2c97a39-8f22-4d9b-9787-22927f822294	Молоко Лужайкино пастеризованное, 2,5%	\N		img/products/small/5bb617cac0a1ec28_00b69d92-6af8-11ed-885b-08c0eb32014b.jpeg	img/products/large/5bb617cac0a1ec28_00b69d92-6af8-11ed-885b-08c0eb32014b.jpeg	79.00	0	54	2,9 г	2,5 г	4,8 г	900 г	Молоко цельное, молоко обезжиренное	20 дней	При температуре от +2°C до +6°C	ООО Милком, Россия	1
716f7fc5-80e3-490a-b95a-741da72dd1d3	Молоко Домик в деревне пастеризованное, 2,5%	\N	Упаковка состоит из двух видов пластика, которые подходят для переработки. Ополосните и сомните бутылку, открутите крышку — её можно сдать отдельно.\r\n\r\nМаркировки на упаковке. 1 PET — полиэтилентерефталат. 2 HDPE — полиэтилен низкого давления.	img/products/small/158334_425819778_Xozh3yI.jpg	img/products/large/158334_425819778.jpg	99.00	25	55	2,9 г	2,5 г	4,7 г	930 мл	Молоко нормализованное	16 дней	При температуре от +2°С до +6°С	АО Вимм-Билль-Данн, Россия	1
cebf16ae-4c1a-4621-9d13-94681ec067e7	Молоко Домик в деревне ультрапастеризованное, 2,5%	\N		img/products/small/270b60da-26cd-4b20-a5c9-57b27cae1b4d.jpg	img/products/large/270b60da-26cd-4b20-a5c9-57b27cae1b4d.jpg	139.00	28	53	2,9 г	2,5 г	4,7 г	950 г	Молоко нормализованное	9 месяцев	При температуре от +2°С до +25°С	АО Вимм-Билль-Данн, Россия	1
f8805fb4-cf49-425b-ae05-6a61a25511e1	Молоко Parmalat Comfort, безлактозное, 1,8%	\N		img/products/small/a73cd3683202047f_4601662006162.jpg	img/products/large/a73cd3683202047f_4601662006162.jpg	174.00	15	47	3	1,8	4,7	1 л	Нормализованное молоко	6 месяцев	При температуре от +2°C до +25°C	АО Белгородский молочный комбинат, Россия	1
ed82b639-d8e2-4f39-b24c-85bb35b5fdf2	Яйцо куриное Иртышское Деревенское С1	\N		img/products/small/5765be17f1b9503c_4607176900064.jpg	img/products/large/5765be17f1b9503c_4607176900064.jpg	145.00	0	157	12,7 г	11,5 г	0,7 г	10 шт.	Яйцо куриное	25 дней	При температуре от 0°C до +20°C	ЗАО Иртышское, Россия	2
45451081-771a-4d58-ac79-ff3edf99b0e9	Яйцо куриное Иртышское С1, столовое	\N		img/products/small/9d358b14418e4596_4607176900019.jpg	img/products/large/9d358b14418e4596_4607176900019.jpg	145.00	0	157	12,7 г	11,5 г	0,7 г	10 шт.	Яйцо куриное	25 дней	При температуре от 0°C до +20°C	ЗАО Иртышское, Россия	2
917f1f74-1006-49f1-872f-4b2e8ae5fb01	Сметана Домик в деревне 20%	\N	Упаковка состоит из материалов, которые можно переработать. Перед сдачей ополосните банку.\r\n\r\nМаркировки на упаковке. 1 PET — полиэтилентерефталат. 5 PP — полипропилен.	img/products/small/114195_170409989.jpg	img/products/large/114195_170409989.jpg	129.00	31	204	2,5 г	20 г	3,4 г	300 г	Сливки нормализованные, закваска	1 месяц	При температуре от +2°С до +6°С	АО Вимм-Билль-Данн, Россия	3
\.


--
-- Data for Name: subcategory; Type: TABLE DATA; Schema: public; Owner: admin
--

COPY public.subcategory (id, title, slug, image, category_id) FROM stdin;
1	Молочное и яйца	moloko-yajca-i-syr-molochnoe-i-yajca	img/subcategory/9ecb524e05b2b4b3.jpg	1
4	Хлеб	hleb-i-vypechka-hleb	img/subcategory/160441_349334568.jpg	2
5	Выпечка	hleb-i-vypechka-vypechka	img/subcategory/ed8763ad592bce71_7d92e1304038b46c_147189_1231272202.jpg	2
6	Хлебцы, сухари и сушки	hleb-i-vypechka-hlebcy-suhari-i-sushki	img/subcategory/b35f7b4230f91b12.jpg	2
7	Овощи, грибы и зелень	ovoschi-i-frukty-ovoschi-i-zelen	img/subcategory/1694187180-pic1.jpg	3
8	Фрукты и ягоды	ovoschi-i-frukty-frukty-i-yagody	img/subcategory/1694187261-pic2.jpg	3
9	Мясо и птица	myaso-i-ryba-myaso-i-ptica	img/subcategory/b6db88b1e3657695.jpg	4
10	Колбаса и сосиски	myaso-i-ryba-kolbasa-i-sosiski	img/subcategory/109541_1818297172.jpg	4
11	Рыба и дары моря	myaso-i-ryba-ryba-i-dary-morya	img/subcategory/124606_321691658.jpg	4
12	Мороженное	sladkoe-morozhenoe	img/subcategory/186dd558-e7ec-4309-a576-abc39bc18202.jpg	5
2	Йогурты и десерты	moloko-yajca-i-syr-jogurty-i-deserty	img/subcategory/6601667b5e7e41d4_img_0115.jpg	1
3	Сыр	moloko-yajca-i-syr-syr	img/subcategory/95545_1281878146.jpg	1
\.


--
-- Name: accounts_useraccount_groups_id_seq; Type: SEQUENCE SET; Schema: public; Owner: admin
--

SELECT pg_catalog.setval('public.accounts_useraccount_groups_id_seq', 1, false);


--
-- Name: accounts_useraccount_id_seq; Type: SEQUENCE SET; Schema: public; Owner: admin
--

SELECT pg_catalog.setval('public.accounts_useraccount_id_seq', 1, true);


--
-- Name: accounts_useraccount_user_permissions_id_seq; Type: SEQUENCE SET; Schema: public; Owner: admin
--

SELECT pg_catalog.setval('public.accounts_useraccount_user_permissions_id_seq', 1, false);


--
-- Name: auth_group_id_seq; Type: SEQUENCE SET; Schema: public; Owner: admin
--

SELECT pg_catalog.setval('public.auth_group_id_seq', 1, false);


--
-- Name: auth_group_permissions_id_seq; Type: SEQUENCE SET; Schema: public; Owner: admin
--

SELECT pg_catalog.setval('public.auth_group_permissions_id_seq', 1, false);


--
-- Name: auth_permission_id_seq; Type: SEQUENCE SET; Schema: public; Owner: admin
--

SELECT pg_catalog.setval('public.auth_permission_id_seq', 40, true);


--
-- Name: category_id_seq; Type: SEQUENCE SET; Schema: public; Owner: admin
--

SELECT pg_catalog.setval('public.category_id_seq', 1, false);


--
-- Name: django_admin_log_id_seq; Type: SEQUENCE SET; Schema: public; Owner: admin
--

SELECT pg_catalog.setval('public.django_admin_log_id_seq', 1, false);


--
-- Name: django_content_type_id_seq; Type: SEQUENCE SET; Schema: public; Owner: admin
--

SELECT pg_catalog.setval('public.django_content_type_id_seq', 10, true);


--
-- Name: django_migrations_id_seq; Type: SEQUENCE SET; Schema: public; Owner: admin
--

SELECT pg_catalog.setval('public.django_migrations_id_seq', 20, true);


--
-- Name: group_id_seq; Type: SEQUENCE SET; Schema: public; Owner: admin
--

SELECT pg_catalog.setval('public.group_id_seq', 1, false);


--
-- Name: subcategory_id_seq; Type: SEQUENCE SET; Schema: public; Owner: admin
--

SELECT pg_catalog.setval('public.subcategory_id_seq', 1, false);


--
-- Name: accounts_useraccount accounts_useraccount_email_key; Type: CONSTRAINT; Schema: public; Owner: admin
--

ALTER TABLE ONLY public.accounts_useraccount
    ADD CONSTRAINT accounts_useraccount_email_key UNIQUE (email);


--
-- Name: accounts_useraccount_groups accounts_useraccount_gro_useraccount_id_group_id_9e1772b3_uniq; Type: CONSTRAINT; Schema: public; Owner: admin
--

ALTER TABLE ONLY public.accounts_useraccount_groups
    ADD CONSTRAINT accounts_useraccount_gro_useraccount_id_group_id_9e1772b3_uniq UNIQUE (useraccount_id, group_id);


--
-- Name: accounts_useraccount_groups accounts_useraccount_groups_pkey; Type: CONSTRAINT; Schema: public; Owner: admin
--

ALTER TABLE ONLY public.accounts_useraccount_groups
    ADD CONSTRAINT accounts_useraccount_groups_pkey PRIMARY KEY (id);


--
-- Name: accounts_useraccount accounts_useraccount_pkey; Type: CONSTRAINT; Schema: public; Owner: admin
--

ALTER TABLE ONLY public.accounts_useraccount
    ADD CONSTRAINT accounts_useraccount_pkey PRIMARY KEY (id);


--
-- Name: accounts_useraccount_user_permissions accounts_useraccount_use_useraccount_id_permissio_54014a73_uniq; Type: CONSTRAINT; Schema: public; Owner: admin
--

ALTER TABLE ONLY public.accounts_useraccount_user_permissions
    ADD CONSTRAINT accounts_useraccount_use_useraccount_id_permissio_54014a73_uniq UNIQUE (useraccount_id, permission_id);


--
-- Name: accounts_useraccount_user_permissions accounts_useraccount_user_permissions_pkey; Type: CONSTRAINT; Schema: public; Owner: admin
--

ALTER TABLE ONLY public.accounts_useraccount_user_permissions
    ADD CONSTRAINT accounts_useraccount_user_permissions_pkey PRIMARY KEY (id);


--
-- Name: auth_group auth_group_name_key; Type: CONSTRAINT; Schema: public; Owner: admin
--

ALTER TABLE ONLY public.auth_group
    ADD CONSTRAINT auth_group_name_key UNIQUE (name);


--
-- Name: auth_group_permissions auth_group_permissions_group_id_permission_id_0cd325b0_uniq; Type: CONSTRAINT; Schema: public; Owner: admin
--

ALTER TABLE ONLY public.auth_group_permissions
    ADD CONSTRAINT auth_group_permissions_group_id_permission_id_0cd325b0_uniq UNIQUE (group_id, permission_id);


--
-- Name: auth_group_permissions auth_group_permissions_pkey; Type: CONSTRAINT; Schema: public; Owner: admin
--

ALTER TABLE ONLY public.auth_group_permissions
    ADD CONSTRAINT auth_group_permissions_pkey PRIMARY KEY (id);


--
-- Name: auth_group auth_group_pkey; Type: CONSTRAINT; Schema: public; Owner: admin
--

ALTER TABLE ONLY public.auth_group
    ADD CONSTRAINT auth_group_pkey PRIMARY KEY (id);


--
-- Name: auth_permission auth_permission_content_type_id_codename_01ab375a_uniq; Type: CONSTRAINT; Schema: public; Owner: admin
--

ALTER TABLE ONLY public.auth_permission
    ADD CONSTRAINT auth_permission_content_type_id_codename_01ab375a_uniq UNIQUE (content_type_id, codename);


--
-- Name: auth_permission auth_permission_pkey; Type: CONSTRAINT; Schema: public; Owner: admin
--

ALTER TABLE ONLY public.auth_permission
    ADD CONSTRAINT auth_permission_pkey PRIMARY KEY (id);


--
-- Name: category category_pkey; Type: CONSTRAINT; Schema: public; Owner: admin
--

ALTER TABLE ONLY public.category
    ADD CONSTRAINT category_pkey PRIMARY KEY (id);


--
-- Name: category category_slug_key; Type: CONSTRAINT; Schema: public; Owner: admin
--

ALTER TABLE ONLY public.category
    ADD CONSTRAINT category_slug_key UNIQUE (slug);


--
-- Name: category category_title_key; Type: CONSTRAINT; Schema: public; Owner: admin
--

ALTER TABLE ONLY public.category
    ADD CONSTRAINT category_title_key UNIQUE (title);


--
-- Name: django_admin_log django_admin_log_pkey; Type: CONSTRAINT; Schema: public; Owner: admin
--

ALTER TABLE ONLY public.django_admin_log
    ADD CONSTRAINT django_admin_log_pkey PRIMARY KEY (id);


--
-- Name: django_content_type django_content_type_app_label_model_76bd3d3b_uniq; Type: CONSTRAINT; Schema: public; Owner: admin
--

ALTER TABLE ONLY public.django_content_type
    ADD CONSTRAINT django_content_type_app_label_model_76bd3d3b_uniq UNIQUE (app_label, model);


--
-- Name: django_content_type django_content_type_pkey; Type: CONSTRAINT; Schema: public; Owner: admin
--

ALTER TABLE ONLY public.django_content_type
    ADD CONSTRAINT django_content_type_pkey PRIMARY KEY (id);


--
-- Name: django_migrations django_migrations_pkey; Type: CONSTRAINT; Schema: public; Owner: admin
--

ALTER TABLE ONLY public.django_migrations
    ADD CONSTRAINT django_migrations_pkey PRIMARY KEY (id);


--
-- Name: django_session django_session_pkey; Type: CONSTRAINT; Schema: public; Owner: admin
--

ALTER TABLE ONLY public.django_session
    ADD CONSTRAINT django_session_pkey PRIMARY KEY (session_key);


--
-- Name: group group_pkey; Type: CONSTRAINT; Schema: public; Owner: admin
--

ALTER TABLE ONLY public."group"
    ADD CONSTRAINT group_pkey PRIMARY KEY (id);


--
-- Name: group group_title_key; Type: CONSTRAINT; Schema: public; Owner: admin
--

ALTER TABLE ONLY public."group"
    ADD CONSTRAINT group_title_key UNIQUE (title);


--
-- Name: products products_pkey; Type: CONSTRAINT; Schema: public; Owner: admin
--

ALTER TABLE ONLY public.products
    ADD CONSTRAINT products_pkey PRIMARY KEY (id);


--
-- Name: products products_title_key; Type: CONSTRAINT; Schema: public; Owner: admin
--

ALTER TABLE ONLY public.products
    ADD CONSTRAINT products_title_key UNIQUE (title);


--
-- Name: subcategory subcategory_pkey; Type: CONSTRAINT; Schema: public; Owner: admin
--

ALTER TABLE ONLY public.subcategory
    ADD CONSTRAINT subcategory_pkey PRIMARY KEY (id);


--
-- Name: subcategory subcategory_slug_key; Type: CONSTRAINT; Schema: public; Owner: admin
--

ALTER TABLE ONLY public.subcategory
    ADD CONSTRAINT subcategory_slug_key UNIQUE (slug);


--
-- Name: subcategory subcategory_title_key; Type: CONSTRAINT; Schema: public; Owner: admin
--

ALTER TABLE ONLY public.subcategory
    ADD CONSTRAINT subcategory_title_key UNIQUE (title);


--
-- Name: accounts_useraccount_email_edd49186_like; Type: INDEX; Schema: public; Owner: admin
--

CREATE INDEX accounts_useraccount_email_edd49186_like ON public.accounts_useraccount USING btree (email varchar_pattern_ops);


--
-- Name: accounts_useraccount_groups_group_id_07495d90; Type: INDEX; Schema: public; Owner: admin
--

CREATE INDEX accounts_useraccount_groups_group_id_07495d90 ON public.accounts_useraccount_groups USING btree (group_id);


--
-- Name: accounts_useraccount_groups_useraccount_id_1eefb17f; Type: INDEX; Schema: public; Owner: admin
--

CREATE INDEX accounts_useraccount_groups_useraccount_id_1eefb17f ON public.accounts_useraccount_groups USING btree (useraccount_id);


--
-- Name: accounts_useraccount_user_permissions_permission_id_5751e5ed; Type: INDEX; Schema: public; Owner: admin
--

CREATE INDEX accounts_useraccount_user_permissions_permission_id_5751e5ed ON public.accounts_useraccount_user_permissions USING btree (permission_id);


--
-- Name: accounts_useraccount_user_permissions_useraccount_id_9ee22c82; Type: INDEX; Schema: public; Owner: admin
--

CREATE INDEX accounts_useraccount_user_permissions_useraccount_id_9ee22c82 ON public.accounts_useraccount_user_permissions USING btree (useraccount_id);


--
-- Name: auth_group_name_a6ea08ec_like; Type: INDEX; Schema: public; Owner: admin
--

CREATE INDEX auth_group_name_a6ea08ec_like ON public.auth_group USING btree (name varchar_pattern_ops);


--
-- Name: auth_group_permissions_group_id_b120cbf9; Type: INDEX; Schema: public; Owner: admin
--

CREATE INDEX auth_group_permissions_group_id_b120cbf9 ON public.auth_group_permissions USING btree (group_id);


--
-- Name: auth_group_permissions_permission_id_84c5c92e; Type: INDEX; Schema: public; Owner: admin
--

CREATE INDEX auth_group_permissions_permission_id_84c5c92e ON public.auth_group_permissions USING btree (permission_id);


--
-- Name: auth_permission_content_type_id_2f476e4b; Type: INDEX; Schema: public; Owner: admin
--

CREATE INDEX auth_permission_content_type_id_2f476e4b ON public.auth_permission USING btree (content_type_id);


--
-- Name: category_slug_fd4fc841_like; Type: INDEX; Schema: public; Owner: admin
--

CREATE INDEX category_slug_fd4fc841_like ON public.category USING btree (slug varchar_pattern_ops);


--
-- Name: category_title_9a15705e_like; Type: INDEX; Schema: public; Owner: admin
--

CREATE INDEX category_title_9a15705e_like ON public.category USING btree (title varchar_pattern_ops);


--
-- Name: django_admin_log_content_type_id_c4bce8eb; Type: INDEX; Schema: public; Owner: admin
--

CREATE INDEX django_admin_log_content_type_id_c4bce8eb ON public.django_admin_log USING btree (content_type_id);


--
-- Name: django_admin_log_user_id_c564eba6; Type: INDEX; Schema: public; Owner: admin
--

CREATE INDEX django_admin_log_user_id_c564eba6 ON public.django_admin_log USING btree (user_id);


--
-- Name: django_session_expire_date_a5c62663; Type: INDEX; Schema: public; Owner: admin
--

CREATE INDEX django_session_expire_date_a5c62663 ON public.django_session USING btree (expire_date);


--
-- Name: django_session_session_key_c0390e0f_like; Type: INDEX; Schema: public; Owner: admin
--

CREATE INDEX django_session_session_key_c0390e0f_like ON public.django_session USING btree (session_key varchar_pattern_ops);


--
-- Name: group_subcategory_id_a00953ea; Type: INDEX; Schema: public; Owner: admin
--

CREATE INDEX group_subcategory_id_a00953ea ON public."group" USING btree (subcategory_id);


--
-- Name: group_title_40e03bf8_like; Type: INDEX; Schema: public; Owner: admin
--

CREATE INDEX group_title_40e03bf8_like ON public."group" USING btree (title varchar_pattern_ops);


--
-- Name: products_group_id_e65a3e56; Type: INDEX; Schema: public; Owner: admin
--

CREATE INDEX products_group_id_e65a3e56 ON public.products USING btree (group_id);


--
-- Name: products_title_bf925ebe_like; Type: INDEX; Schema: public; Owner: admin
--

CREATE INDEX products_title_bf925ebe_like ON public.products USING btree (title varchar_pattern_ops);


--
-- Name: subcategory_category_id_4b55556d; Type: INDEX; Schema: public; Owner: admin
--

CREATE INDEX subcategory_category_id_4b55556d ON public.subcategory USING btree (category_id);


--
-- Name: subcategory_slug_2c8c7c1a_like; Type: INDEX; Schema: public; Owner: admin
--

CREATE INDEX subcategory_slug_2c8c7c1a_like ON public.subcategory USING btree (slug varchar_pattern_ops);


--
-- Name: subcategory_title_463579c9_like; Type: INDEX; Schema: public; Owner: admin
--

CREATE INDEX subcategory_title_463579c9_like ON public.subcategory USING btree (title varchar_pattern_ops);


--
-- Name: accounts_useraccount_groups accounts_useraccount_groups_group_id_07495d90_fk_auth_group_id; Type: FK CONSTRAINT; Schema: public; Owner: admin
--

ALTER TABLE ONLY public.accounts_useraccount_groups
    ADD CONSTRAINT accounts_useraccount_groups_group_id_07495d90_fk_auth_group_id FOREIGN KEY (group_id) REFERENCES public.auth_group(id) DEFERRABLE INITIALLY DEFERRED;


--
-- Name: accounts_useraccount_user_permissions accounts_useraccount_permission_id_5751e5ed_fk_auth_perm; Type: FK CONSTRAINT; Schema: public; Owner: admin
--

ALTER TABLE ONLY public.accounts_useraccount_user_permissions
    ADD CONSTRAINT accounts_useraccount_permission_id_5751e5ed_fk_auth_perm FOREIGN KEY (permission_id) REFERENCES public.auth_permission(id) DEFERRABLE INITIALLY DEFERRED;


--
-- Name: accounts_useraccount_groups accounts_useraccount_useraccount_id_1eefb17f_fk_accounts_; Type: FK CONSTRAINT; Schema: public; Owner: admin
--

ALTER TABLE ONLY public.accounts_useraccount_groups
    ADD CONSTRAINT accounts_useraccount_useraccount_id_1eefb17f_fk_accounts_ FOREIGN KEY (useraccount_id) REFERENCES public.accounts_useraccount(id) DEFERRABLE INITIALLY DEFERRED;


--
-- Name: accounts_useraccount_user_permissions accounts_useraccount_useraccount_id_9ee22c82_fk_accounts_; Type: FK CONSTRAINT; Schema: public; Owner: admin
--

ALTER TABLE ONLY public.accounts_useraccount_user_permissions
    ADD CONSTRAINT accounts_useraccount_useraccount_id_9ee22c82_fk_accounts_ FOREIGN KEY (useraccount_id) REFERENCES public.accounts_useraccount(id) DEFERRABLE INITIALLY DEFERRED;


--
-- Name: auth_group_permissions auth_group_permissio_permission_id_84c5c92e_fk_auth_perm; Type: FK CONSTRAINT; Schema: public; Owner: admin
--

ALTER TABLE ONLY public.auth_group_permissions
    ADD CONSTRAINT auth_group_permissio_permission_id_84c5c92e_fk_auth_perm FOREIGN KEY (permission_id) REFERENCES public.auth_permission(id) DEFERRABLE INITIALLY DEFERRED;


--
-- Name: auth_group_permissions auth_group_permissions_group_id_b120cbf9_fk_auth_group_id; Type: FK CONSTRAINT; Schema: public; Owner: admin
--

ALTER TABLE ONLY public.auth_group_permissions
    ADD CONSTRAINT auth_group_permissions_group_id_b120cbf9_fk_auth_group_id FOREIGN KEY (group_id) REFERENCES public.auth_group(id) DEFERRABLE INITIALLY DEFERRED;


--
-- Name: auth_permission auth_permission_content_type_id_2f476e4b_fk_django_co; Type: FK CONSTRAINT; Schema: public; Owner: admin
--

ALTER TABLE ONLY public.auth_permission
    ADD CONSTRAINT auth_permission_content_type_id_2f476e4b_fk_django_co FOREIGN KEY (content_type_id) REFERENCES public.django_content_type(id) DEFERRABLE INITIALLY DEFERRED;


--
-- Name: django_admin_log django_admin_log_content_type_id_c4bce8eb_fk_django_co; Type: FK CONSTRAINT; Schema: public; Owner: admin
--

ALTER TABLE ONLY public.django_admin_log
    ADD CONSTRAINT django_admin_log_content_type_id_c4bce8eb_fk_django_co FOREIGN KEY (content_type_id) REFERENCES public.django_content_type(id) DEFERRABLE INITIALLY DEFERRED;


--
-- Name: django_admin_log django_admin_log_user_id_c564eba6_fk_accounts_useraccount_id; Type: FK CONSTRAINT; Schema: public; Owner: admin
--

ALTER TABLE ONLY public.django_admin_log
    ADD CONSTRAINT django_admin_log_user_id_c564eba6_fk_accounts_useraccount_id FOREIGN KEY (user_id) REFERENCES public.accounts_useraccount(id) DEFERRABLE INITIALLY DEFERRED;


--
-- Name: group group_subcategory_id_a00953ea_fk_subcategory_id; Type: FK CONSTRAINT; Schema: public; Owner: admin
--

ALTER TABLE ONLY public."group"
    ADD CONSTRAINT group_subcategory_id_a00953ea_fk_subcategory_id FOREIGN KEY (subcategory_id) REFERENCES public.subcategory(id) DEFERRABLE INITIALLY DEFERRED;


--
-- Name: products products_group_id_e65a3e56_fk_group_id; Type: FK CONSTRAINT; Schema: public; Owner: admin
--

ALTER TABLE ONLY public.products
    ADD CONSTRAINT products_group_id_e65a3e56_fk_group_id FOREIGN KEY (group_id) REFERENCES public."group"(id) DEFERRABLE INITIALLY DEFERRED;


--
-- Name: subcategory subcategory_category_id_4b55556d_fk_category_id; Type: FK CONSTRAINT; Schema: public; Owner: admin
--

ALTER TABLE ONLY public.subcategory
    ADD CONSTRAINT subcategory_category_id_4b55556d_fk_category_id FOREIGN KEY (category_id) REFERENCES public.category(id) DEFERRABLE INITIALLY DEFERRED;


--
-- PostgreSQL database dump complete
--

