--
-- PostgreSQL database dump
--

-- Dumped from database version 16.0
-- Dumped by pg_dump version 16.0

SET statement_timeout = 0;
SET lock_timeout = 0;
SET idle_in_transaction_session_timeout = 0;
SET client_encoding = 'UTF8';
SET standard_conforming_strings = on;
SELECT pg_catalog.set_config('search_path', '', false);
SET check_function_bodies = false;
SET xmloption = content;
SET client_min_messages = warning;
SET row_security = off;

SET default_tablespace = '';

SET default_table_access_method = heap;

--
-- Name: group; Type: TABLE; Schema: public; Owner: admin
--

CREATE TABLE public."group" (
    id bigint NOT NULL,
    title character varying(255) NOT NULL,
    subcategory_id bigint NOT NULL
);


ALTER TABLE public."group" OWNER TO admin;

--
-- Name: Group_id_seq; Type: SEQUENCE; Schema: public; Owner: admin
--

ALTER TABLE public."group" ALTER COLUMN id ADD GENERATED BY DEFAULT AS IDENTITY (
    SEQUENCE NAME public."Group_id_seq"
    START WITH 1
    INCREMENT BY 1
    NO MINVALUE
    NO MAXVALUE
    CACHE 1
);


--
-- Name: auth_group; Type: TABLE; Schema: public; Owner: admin
--

CREATE TABLE public.auth_group (
    id integer NOT NULL,
    name character varying(150) NOT NULL
);


ALTER TABLE public.auth_group OWNER TO admin;

--
-- Name: auth_group_id_seq; Type: SEQUENCE; Schema: public; Owner: admin
--

ALTER TABLE public.auth_group ALTER COLUMN id ADD GENERATED BY DEFAULT AS IDENTITY (
    SEQUENCE NAME public.auth_group_id_seq
    START WITH 1
    INCREMENT BY 1
    NO MINVALUE
    NO MAXVALUE
    CACHE 1
);


--
-- Name: auth_group_permissions; Type: TABLE; Schema: public; Owner: admin
--

CREATE TABLE public.auth_group_permissions (
    id bigint NOT NULL,
    group_id integer NOT NULL,
    permission_id integer NOT NULL
);


ALTER TABLE public.auth_group_permissions OWNER TO admin;

--
-- Name: auth_group_permissions_id_seq; Type: SEQUENCE; Schema: public; Owner: admin
--

ALTER TABLE public.auth_group_permissions ALTER COLUMN id ADD GENERATED BY DEFAULT AS IDENTITY (
    SEQUENCE NAME public.auth_group_permissions_id_seq
    START WITH 1
    INCREMENT BY 1
    NO MINVALUE
    NO MAXVALUE
    CACHE 1
);


--
-- Name: auth_permission; Type: TABLE; Schema: public; Owner: admin
--

CREATE TABLE public.auth_permission (
    id integer NOT NULL,
    name character varying(255) NOT NULL,
    content_type_id integer NOT NULL,
    codename character varying(100) NOT NULL
);


ALTER TABLE public.auth_permission OWNER TO admin;

--
-- Name: auth_permission_id_seq; Type: SEQUENCE; Schema: public; Owner: admin
--

ALTER TABLE public.auth_permission ALTER COLUMN id ADD GENERATED BY DEFAULT AS IDENTITY (
    SEQUENCE NAME public.auth_permission_id_seq
    START WITH 1
    INCREMENT BY 1
    NO MINVALUE
    NO MAXVALUE
    CACHE 1
);


--
-- Name: auth_user; Type: TABLE; Schema: public; Owner: admin
--

CREATE TABLE public.auth_user (
    id integer NOT NULL,
    password character varying(128) NOT NULL,
    last_login timestamp with time zone,
    is_superuser boolean NOT NULL,
    username character varying(150) NOT NULL,
    first_name character varying(150) NOT NULL,
    last_name character varying(150) NOT NULL,
    email character varying(254) NOT NULL,
    is_staff boolean NOT NULL,
    is_active boolean NOT NULL,
    date_joined timestamp with time zone NOT NULL
);


ALTER TABLE public.auth_user OWNER TO admin;

--
-- Name: auth_user_groups; Type: TABLE; Schema: public; Owner: admin
--

CREATE TABLE public.auth_user_groups (
    id bigint NOT NULL,
    user_id integer NOT NULL,
    group_id integer NOT NULL
);


ALTER TABLE public.auth_user_groups OWNER TO admin;

--
-- Name: auth_user_groups_id_seq; Type: SEQUENCE; Schema: public; Owner: admin
--

ALTER TABLE public.auth_user_groups ALTER COLUMN id ADD GENERATED BY DEFAULT AS IDENTITY (
    SEQUENCE NAME public.auth_user_groups_id_seq
    START WITH 1
    INCREMENT BY 1
    NO MINVALUE
    NO MAXVALUE
    CACHE 1
);


--
-- Name: auth_user_id_seq; Type: SEQUENCE; Schema: public; Owner: admin
--

ALTER TABLE public.auth_user ALTER COLUMN id ADD GENERATED BY DEFAULT AS IDENTITY (
    SEQUENCE NAME public.auth_user_id_seq
    START WITH 1
    INCREMENT BY 1
    NO MINVALUE
    NO MAXVALUE
    CACHE 1
);


--
-- Name: auth_user_user_permissions; Type: TABLE; Schema: public; Owner: admin
--

CREATE TABLE public.auth_user_user_permissions (
    id bigint NOT NULL,
    user_id integer NOT NULL,
    permission_id integer NOT NULL
);


ALTER TABLE public.auth_user_user_permissions OWNER TO admin;

--
-- Name: auth_user_user_permissions_id_seq; Type: SEQUENCE; Schema: public; Owner: admin
--

ALTER TABLE public.auth_user_user_permissions ALTER COLUMN id ADD GENERATED BY DEFAULT AS IDENTITY (
    SEQUENCE NAME public.auth_user_user_permissions_id_seq
    START WITH 1
    INCREMENT BY 1
    NO MINVALUE
    NO MAXVALUE
    CACHE 1
);


--
-- Name: category; Type: TABLE; Schema: public; Owner: admin
--

CREATE TABLE public.category (
    id bigint NOT NULL,
    title character varying(255) NOT NULL,
    image character varying(100) NOT NULL
);


ALTER TABLE public.category OWNER TO admin;

--
-- Name: category_id_seq; Type: SEQUENCE; Schema: public; Owner: admin
--

ALTER TABLE public.category ALTER COLUMN id ADD GENERATED BY DEFAULT AS IDENTITY (
    SEQUENCE NAME public.category_id_seq
    START WITH 1
    INCREMENT BY 1
    NO MINVALUE
    NO MAXVALUE
    CACHE 1
);


--
-- Name: django_admin_log; Type: TABLE; Schema: public; Owner: admin
--

CREATE TABLE public.django_admin_log (
    id integer NOT NULL,
    action_time timestamp with time zone NOT NULL,
    object_id text,
    object_repr character varying(200) NOT NULL,
    action_flag smallint NOT NULL,
    change_message text NOT NULL,
    content_type_id integer,
    user_id integer NOT NULL,
    CONSTRAINT django_admin_log_action_flag_check CHECK ((action_flag >= 0))
);


ALTER TABLE public.django_admin_log OWNER TO admin;

--
-- Name: django_admin_log_id_seq; Type: SEQUENCE; Schema: public; Owner: admin
--

ALTER TABLE public.django_admin_log ALTER COLUMN id ADD GENERATED BY DEFAULT AS IDENTITY (
    SEQUENCE NAME public.django_admin_log_id_seq
    START WITH 1
    INCREMENT BY 1
    NO MINVALUE
    NO MAXVALUE
    CACHE 1
);


--
-- Name: django_content_type; Type: TABLE; Schema: public; Owner: admin
--

CREATE TABLE public.django_content_type (
    id integer NOT NULL,
    app_label character varying(100) NOT NULL,
    model character varying(100) NOT NULL
);


ALTER TABLE public.django_content_type OWNER TO admin;

--
-- Name: django_content_type_id_seq; Type: SEQUENCE; Schema: public; Owner: admin
--

ALTER TABLE public.django_content_type ALTER COLUMN id ADD GENERATED BY DEFAULT AS IDENTITY (
    SEQUENCE NAME public.django_content_type_id_seq
    START WITH 1
    INCREMENT BY 1
    NO MINVALUE
    NO MAXVALUE
    CACHE 1
);


--
-- Name: django_migrations; Type: TABLE; Schema: public; Owner: admin
--

CREATE TABLE public.django_migrations (
    id bigint NOT NULL,
    app character varying(255) NOT NULL,
    name character varying(255) NOT NULL,
    applied timestamp with time zone NOT NULL
);


ALTER TABLE public.django_migrations OWNER TO admin;

--
-- Name: django_migrations_id_seq; Type: SEQUENCE; Schema: public; Owner: admin
--

ALTER TABLE public.django_migrations ALTER COLUMN id ADD GENERATED BY DEFAULT AS IDENTITY (
    SEQUENCE NAME public.django_migrations_id_seq
    START WITH 1
    INCREMENT BY 1
    NO MINVALUE
    NO MAXVALUE
    CACHE 1
);


--
-- Name: django_session; Type: TABLE; Schema: public; Owner: admin
--

CREATE TABLE public.django_session (
    session_key character varying(40) NOT NULL,
    session_data text NOT NULL,
    expire_date timestamp with time zone NOT NULL
);


ALTER TABLE public.django_session OWNER TO admin;

--
-- Name: products; Type: TABLE; Schema: public; Owner: admin
--

CREATE TABLE public.products (
    id uuid NOT NULL,
    title character varying(255) NOT NULL,
    description text,
    price numeric(10,2) NOT NULL,
    volume_or_weight text,
    composition text,
    storage_conditions text,
    storage_period text,
    manufacturer text,
    group_id bigint NOT NULL,
    discount integer NOT NULL,
    large_image character varying(100) NOT NULL,
    small_image character varying(100) NOT NULL,
    calories text,
    carbohydrates text,
    fats text,
    feature character varying(255),
    proteins text
);


ALTER TABLE public.products OWNER TO admin;

--
-- Name: subcategory; Type: TABLE; Schema: public; Owner: admin
--

CREATE TABLE public.subcategory (
    id bigint NOT NULL,
    title character varying(255) NOT NULL,
    slug character varying(255) NOT NULL,
    category_id bigint NOT NULL,
    image character varying(100) NOT NULL
);


ALTER TABLE public.subcategory OWNER TO admin;

--
-- Name: subcategory_id_seq; Type: SEQUENCE; Schema: public; Owner: admin
--

ALTER TABLE public.subcategory ALTER COLUMN id ADD GENERATED BY DEFAULT AS IDENTITY (
    SEQUENCE NAME public.subcategory_id_seq
    START WITH 1
    INCREMENT BY 1
    NO MINVALUE
    NO MAXVALUE
    CACHE 1
);


--
-- Data for Name: auth_group; Type: TABLE DATA; Schema: public; Owner: admin
--

COPY public.auth_group (id, name) FROM stdin;
\.


--
-- Data for Name: auth_group_permissions; Type: TABLE DATA; Schema: public; Owner: admin
--

COPY public.auth_group_permissions (id, group_id, permission_id) FROM stdin;
\.


--
-- Data for Name: auth_permission; Type: TABLE DATA; Schema: public; Owner: admin
--

COPY public.auth_permission (id, name, content_type_id, codename) FROM stdin;
1	Can add log entry	1	add_logentry
2	Can change log entry	1	change_logentry
3	Can delete log entry	1	delete_logentry
4	Can view log entry	1	view_logentry
5	Can add permission	2	add_permission
6	Can change permission	2	change_permission
7	Can delete permission	2	delete_permission
8	Can view permission	2	view_permission
9	Can add group	3	add_group
10	Can change group	3	change_group
11	Can delete group	3	delete_group
12	Can view group	3	view_group
13	Can add user	4	add_user
14	Can change user	4	change_user
15	Can delete user	4	delete_user
16	Can view user	4	view_user
17	Can add content type	5	add_contenttype
18	Can change content type	5	change_contenttype
19	Can delete content type	5	delete_contenttype
20	Can view content type	5	view_contenttype
21	Can add session	6	add_session
22	Can change session	6	change_session
23	Can delete session	6	delete_session
24	Can view session	6	view_session
25	Can add Список подкатегорий	7	add_subcategory
26	Can change Список подкатегорий	7	change_subcategory
27	Can delete Список подкатегорий	7	delete_subcategory
28	Can view Список подкатегорий	7	view_subcategory
29	Can add Список товаров	8	add_product
30	Can change Список товаров	8	change_product
31	Can delete Список товаров	8	delete_product
32	Can view Список товаров	8	view_product
33	Can add Список групп	9	add_group
34	Can change Список групп	9	change_group
35	Can delete Список групп	9	delete_group
36	Can view Список групп	9	view_group
37	Can add Список категорий	10	add_category
38	Can change Список категорий	10	change_category
39	Can delete Список категорий	10	delete_category
40	Can view Список категорий	10	view_category
\.


--
-- Data for Name: auth_user; Type: TABLE DATA; Schema: public; Owner: admin
--

COPY public.auth_user (id, password, last_login, is_superuser, username, first_name, last_name, email, is_staff, is_active, date_joined) FROM stdin;
1	pbkdf2_sha256$600000$m6SOOBxGYU8PuMpepYw0Fx$6F5v5LWJz824M7xC9o4w5mtXmwuvlpy5aldljHsY1HY=	2023-11-27 14:45:15.636684+00	t	admin			admin@admin.com	t	t	2023-11-15 15:04:08.323197+00
\.


--
-- Data for Name: auth_user_groups; Type: TABLE DATA; Schema: public; Owner: admin
--

COPY public.auth_user_groups (id, user_id, group_id) FROM stdin;
\.


--
-- Data for Name: auth_user_user_permissions; Type: TABLE DATA; Schema: public; Owner: admin
--

COPY public.auth_user_user_permissions (id, user_id, permission_id) FROM stdin;
\.


--
-- Data for Name: category; Type: TABLE DATA; Schema: public; Owner: admin
--

COPY public.category (id, title, image) FROM stdin;
2	Хлеб и выпечка	img/category/default.jpg
3	Овощи и фрукты	img/category/default.jpg
4	Мясо и рыба	img/category/default.jpg
5	Сладкое	img/category/default.jpg
1	Молоко, яйца и сыр	img/category/9ecb524e05b2b4b3.jpg
\.


--
-- Data for Name: django_admin_log; Type: TABLE DATA; Schema: public; Owner: admin
--

COPY public.django_admin_log (id, action_time, object_id, object_repr, action_flag, change_message, content_type_id, user_id) FROM stdin;
1	2023-11-15 16:46:00.11187+00	1	Молоко, яйца и сыр	1	[{"added": {}}]	10	1
2	2023-11-15 16:48:23.353802+00	2	Хлеб и выпечка	1	[{"added": {}}]	10	1
3	2023-11-15 16:49:42.945978+00	3	Овощи и фрукты	1	[{"added": {}}]	10	1
4	2023-11-15 16:53:54.547466+00	4	Мясо и рыба	1	[{"added": {}}]	10	1
5	2023-11-15 16:56:16.434583+00	5	Сладкое	1	[{"added": {}}]	10	1
6	2023-11-15 17:01:15.507066+00	1	Молочное и яйца	1	[{"added": {}}]	7	1
7	2023-11-15 17:01:51.965127+00	2	Йогурты и десерты	1	[{"added": {}}]	7	1
8	2023-11-15 17:02:16.244263+00	3	Сыр	1	[{"added": {}}]	7	1
9	2023-11-15 17:02:47.831525+00	4	Хлеб	1	[{"added": {}}]	7	1
10	2023-11-15 17:03:16.590947+00	5	Выпечка	1	[{"added": {}}]	7	1
11	2023-11-15 17:05:51.626792+00	6	Хлебцы, сухари и сушки	1	[{"added": {}}]	7	1
12	2023-11-15 17:09:01.447375+00	7	Овощи, грибы и зелень	1	[{"added": {}}]	7	1
13	2023-11-15 17:09:42.179392+00	8	Фрукты и ягоды	1	[{"added": {}}]	7	1
14	2023-11-15 17:11:20.313126+00	9	Мясо и птица	1	[{"added": {}}]	7	1
15	2023-11-15 17:13:23.870345+00	10	Колбаса и сосиски	1	[{"added": {}}]	7	1
16	2023-11-15 17:14:23.986249+00	11	Рыба и дары моря	1	[{"added": {}}]	7	1
17	2023-11-15 17:14:48.021606+00	12	Мороженное	1	[{"added": {}}]	7	1
18	2023-11-27 14:45:28.59213+00	1	Молоко	1	[{"added": {}}]	9	1
19	2023-11-27 14:45:38.802286+00	2	Яйца	1	[{"added": {}}]	9	1
20	2023-11-27 14:45:52.001192+00	3	Сметана	1	[{"added": {}}]	9	1
21	2023-11-27 14:51:15.89101+00	716f7fc5-80e3-490a-b95a-741da72dd1d3	Молоко Домик в деревне пастеризованное, 2,5%	1	[{"added": {}}]	8	1
22	2023-11-27 14:52:39.283648+00	716f7fc5-80e3-490a-b95a-741da72dd1d3	Молоко Домик в деревне пастеризованное, 2,5%	2	[{"changed": {"fields": ["\\u041c\\u0430\\u043b\\u0435\\u043d\\u044c\\u043a\\u043e\\u0435 \\u0438\\u0437\\u043e\\u0431\\u0440\\u0430\\u0436\\u0435\\u043d\\u0438\\u0435 \\u0442\\u043e\\u0432\\u0430\\u0440\\u0430"]}}]	8	1
23	2023-11-27 14:58:31.437826+00	6482025f-72c4-4158-8e7f-705855595982	Молоко Parmalat ультрапастеризованное, 3,5%	1	[{"added": {}}]	8	1
24	2023-11-27 14:59:55.186144+00	6482025f-72c4-4158-8e7f-705855595982	Молоко Parmalat ультрапастеризованное, 3,5%	2	[{"changed": {"fields": ["\\u041c\\u0430\\u043b\\u0435\\u043d\\u044c\\u043a\\u043e\\u0435 \\u0438\\u0437\\u043e\\u0431\\u0440\\u0430\\u0436\\u0435\\u043d\\u0438\\u0435 \\u0442\\u043e\\u0432\\u0430\\u0440\\u0430"]}}]	8	1
25	2023-11-27 15:07:21.415185+00	f2c97a39-8f22-4d9b-9787-22927f822294	Молоко Лужайкино пастеризованное, 2,5%	1	[{"added": {}}]	8	1
26	2023-11-27 15:07:54.289016+00	f2c97a39-8f22-4d9b-9787-22927f822294	Молоко Лужайкино пастеризованное, 2,5%	2	[{"changed": {"fields": ["\\u0418\\u0437\\u043e\\u0431\\u0440\\u0430\\u0436\\u0435\\u043d\\u0438\\u0435 \\u0442\\u043e\\u0432\\u0430\\u0440\\u0430"]}}]	8	1
27	2023-11-27 15:08:01.219277+00	716f7fc5-80e3-490a-b95a-741da72dd1d3	Молоко Домик в деревне пастеризованное, 2,5%	2	[]	8	1
28	2023-11-27 15:12:57.061827+00	cebf16ae-4c1a-4621-9d13-94681ec067e7	Молоко Домик в деревне ультрапастеризованное, 2,5%	1	[{"added": {}}]	8	1
29	2023-11-27 15:13:23.526184+00	cebf16ae-4c1a-4621-9d13-94681ec067e7	Молоко Домик в деревне ультрапастеризованное, 2,5%	2	[{"changed": {"fields": ["\\u0418\\u0437\\u043e\\u0431\\u0440\\u0430\\u0436\\u0435\\u043d\\u0438\\u0435 \\u0442\\u043e\\u0432\\u0430\\u0440\\u0430"]}}]	8	1
30	2023-11-27 15:21:26.323468+00	f8805fb4-cf49-425b-ae05-6a61a25511e1	Молоко Parmalat Comfort, безлактозное, 1,8%	1	[{"added": {}}]	8	1
31	2023-11-27 15:22:33.770909+00	f8805fb4-cf49-425b-ae05-6a61a25511e1	Молоко Parmalat Comfort, безлактозное, 1,8%	2	[{"changed": {"fields": ["\\u0418\\u0437\\u043e\\u0431\\u0440\\u0430\\u0436\\u0435\\u043d\\u0438\\u0435 \\u0442\\u043e\\u0432\\u0430\\u0440\\u0430"]}}]	8	1
32	2023-11-27 15:55:57.145506+00	45451081-771a-4d58-ac79-ff3edf99b0e9	Яйцо куриное Иртышское С1, столовое	1	[{"added": {}}]	8	1
33	2023-11-27 15:56:14.844745+00	45451081-771a-4d58-ac79-ff3edf99b0e9	Яйцо куриное Иртышское С1, столовое	2	[{"changed": {"fields": ["\\u0418\\u0437\\u043e\\u0431\\u0440\\u0430\\u0436\\u0435\\u043d\\u0438\\u0435 \\u0442\\u043e\\u0432\\u0430\\u0440\\u0430"]}}]	8	1
34	2023-11-27 15:56:23.124306+00	45451081-771a-4d58-ac79-ff3edf99b0e9	Яйцо куриное Иртышское С1, столовое	2	[]	8	1
35	2023-11-27 15:58:09.166997+00	ed82b639-d8e2-4f39-b24c-85bb35b5fdf2	Яйцо куриное Иртышское Деревенское С1	1	[{"added": {}}]	8	1
36	2023-11-27 15:58:23.623429+00	ed82b639-d8e2-4f39-b24c-85bb35b5fdf2	Яйцо куриное Иртышское Деревенское С1	2	[{"changed": {"fields": ["\\u0418\\u0437\\u043e\\u0431\\u0440\\u0430\\u0436\\u0435\\u043d\\u0438\\u0435 \\u0442\\u043e\\u0432\\u0430\\u0440\\u0430"]}}]	8	1
37	2023-11-27 15:58:59.905985+00	ed82b639-d8e2-4f39-b24c-85bb35b5fdf2	Яйцо куриное Иртышское Деревенское С1	2	[]	8	1
38	2023-11-27 16:01:10.607548+00	917f1f74-1006-49f1-872f-4b2e8ae5fb01	Сметана Домик в деревне 20%	1	[{"added": {}}]	8	1
39	2023-11-27 16:01:28.942438+00	917f1f74-1006-49f1-872f-4b2e8ae5fb01	Сметана Домик в деревне 20%	2	[{"changed": {"fields": ["\\u0418\\u0437\\u043e\\u0431\\u0440\\u0430\\u0436\\u0435\\u043d\\u0438\\u0435 \\u0442\\u043e\\u0432\\u0430\\u0440\\u0430"]}}]	8	1
40	2023-11-27 16:01:50.938914+00	917f1f74-1006-49f1-872f-4b2e8ae5fb01	Сметана Домик в деревне 20%	2	[{"changed": {"fields": ["\\u041f\\u0440\\u043e\\u0446\\u0435\\u043d\\u0442 \\u0441\\u043a\\u0438\\u0434\\u043a\\u0438"]}}]	8	1
41	2023-11-27 16:04:08.065606+00	ba8586f3-807b-4ef0-8a7d-291b71847845	Сметана Любимое молоко 15%	1	[{"added": {}}]	8	1
42	2023-11-27 16:04:35.057396+00	ba8586f3-807b-4ef0-8a7d-291b71847845	Сметана Любимое молоко 15%	2	[{"changed": {"fields": ["\\u0418\\u0437\\u043e\\u0431\\u0440\\u0430\\u0436\\u0435\\u043d\\u0438\\u0435 \\u0442\\u043e\\u0432\\u0430\\u0440\\u0430"]}}]	8	1
43	2023-11-27 16:04:47.953576+00	ba8586f3-807b-4ef0-8a7d-291b71847845	Сметана Любимое молоко 15%	2	[]	8	1
44	2023-11-27 16:14:04.581301+00	1	Молоко, яйца и сыр	2	[{"changed": {"fields": ["\\u0418\\u0437\\u043e\\u0431\\u0440\\u0430\\u0436\\u0435\\u043d\\u0438\\u0435 \\u043a\\u0430\\u0442\\u0435\\u0433\\u043e\\u0440\\u0438\\u0438"]}}]	10	1
45	2023-11-27 16:14:27.838805+00	1	Молочное и яйца	2	[{"changed": {"fields": ["\\u0418\\u0437\\u043e\\u0431\\u0440\\u0430\\u0436\\u0435\\u043d\\u0438\\u0435 \\u043f\\u043e\\u0434\\u043a\\u0430\\u0442\\u0435\\u0433\\u043e\\u0440\\u0438\\u0438"]}}]	7	1
46	2023-11-28 21:52:04.119429+00	2	Йогурты и десерты	2	[{"changed": {"fields": ["Slug \\u043f\\u043e\\u0434\\u043a\\u0430\\u0442\\u0435\\u0433\\u043e\\u0440\\u0438\\u0438"]}}]	7	1
47	2023-11-28 21:52:15.887212+00	1	Молочное и яйца	2	[{"changed": {"fields": ["Slug \\u043f\\u043e\\u0434\\u043a\\u0430\\u0442\\u0435\\u0433\\u043e\\u0440\\u0438\\u0438"]}}]	7	1
48	2023-11-28 21:52:21.971652+00	3	Сыр	2	[{"changed": {"fields": ["Slug \\u043f\\u043e\\u0434\\u043a\\u0430\\u0442\\u0435\\u0433\\u043e\\u0440\\u0438\\u0438"]}}]	7	1
49	2023-11-28 21:52:38.717808+00	4	Хлеб	2	[{"changed": {"fields": ["Slug \\u043f\\u043e\\u0434\\u043a\\u0430\\u0442\\u0435\\u0433\\u043e\\u0440\\u0438\\u0438"]}}]	7	1
50	2023-11-28 21:52:50.278532+00	6	Хлебцы, сухари и сушки	2	[{"changed": {"fields": ["Slug \\u043f\\u043e\\u0434\\u043a\\u0430\\u0442\\u0435\\u0433\\u043e\\u0440\\u0438\\u0438"]}}]	7	1
51	2023-11-28 21:52:54.967415+00	5	Выпечка	2	[{"changed": {"fields": ["Slug \\u043f\\u043e\\u0434\\u043a\\u0430\\u0442\\u0435\\u0433\\u043e\\u0440\\u0438\\u0438"]}}]	7	1
52	2023-11-28 21:53:09.548356+00	10	Колбаса и сосиски	2	[{"changed": {"fields": ["Slug \\u043f\\u043e\\u0434\\u043a\\u0430\\u0442\\u0435\\u0433\\u043e\\u0440\\u0438\\u0438"]}}]	7	1
53	2023-11-28 21:53:15.142578+00	9	Мясо и птица	2	[{"changed": {"fields": ["Slug \\u043f\\u043e\\u0434\\u043a\\u0430\\u0442\\u0435\\u0433\\u043e\\u0440\\u0438\\u0438"]}}]	7	1
54	2023-11-28 21:53:21.275328+00	11	Рыба и дары моря	2	[{"changed": {"fields": ["Slug \\u043f\\u043e\\u0434\\u043a\\u0430\\u0442\\u0435\\u0433\\u043e\\u0440\\u0438\\u0438"]}}]	7	1
55	2023-11-28 21:53:36.032013+00	8	Фрукты и ягоды	2	[{"changed": {"fields": ["Slug \\u043f\\u043e\\u0434\\u043a\\u0430\\u0442\\u0435\\u0433\\u043e\\u0440\\u0438\\u0438"]}}]	7	1
56	2023-11-28 21:53:40.604764+00	7	Овощи, грибы и зелень	2	[{"changed": {"fields": ["Slug \\u043f\\u043e\\u0434\\u043a\\u0430\\u0442\\u0435\\u0433\\u043e\\u0440\\u0438\\u0438"]}}]	7	1
57	2023-11-28 21:53:56.792567+00	12	Мороженное	2	[{"changed": {"fields": ["Slug \\u043f\\u043e\\u0434\\u043a\\u0430\\u0442\\u0435\\u0433\\u043e\\u0440\\u0438\\u0438"]}}]	7	1
\.


--
-- Data for Name: django_content_type; Type: TABLE DATA; Schema: public; Owner: admin
--

COPY public.django_content_type (id, app_label, model) FROM stdin;
1	admin	logentry
2	auth	permission
3	auth	group
4	auth	user
5	contenttypes	contenttype
6	sessions	session
7	products	subcategory
8	products	product
9	products	group
10	products	category
\.


--
-- Data for Name: django_migrations; Type: TABLE DATA; Schema: public; Owner: admin
--

COPY public.django_migrations (id, app, name, applied) FROM stdin;
1	contenttypes	0001_initial	2023-11-15 14:58:51.225072+00
2	auth	0001_initial	2023-11-15 14:58:51.330216+00
3	admin	0001_initial	2023-11-15 14:58:51.360785+00
4	admin	0002_logentry_remove_auto_add	2023-11-15 14:58:51.373113+00
5	admin	0003_logentry_add_action_flag_choices	2023-11-15 14:58:51.406704+00
6	contenttypes	0002_remove_content_type_name	2023-11-15 14:58:51.425722+00
7	auth	0002_alter_permission_name_max_length	2023-11-15 14:58:51.437266+00
8	auth	0003_alter_user_email_max_length	2023-11-15 14:58:51.448978+00
9	auth	0004_alter_user_username_opts	2023-11-15 14:58:51.458911+00
10	auth	0005_alter_user_last_login_null	2023-11-15 14:58:51.470476+00
11	auth	0006_require_contenttypes_0002	2023-11-15 14:58:51.474567+00
12	auth	0007_alter_validators_add_error_messages	2023-11-15 14:58:51.484619+00
13	auth	0008_alter_user_username_max_length	2023-11-15 14:58:51.503132+00
14	auth	0009_alter_user_last_name_max_length	2023-11-15 14:58:51.514695+00
15	auth	0010_alter_group_name_max_length	2023-11-15 14:58:51.5279+00
16	auth	0011_update_proxy_permissions	2023-11-15 14:58:51.538221+00
17	auth	0012_alter_user_first_name_max_length	2023-11-15 14:58:51.551073+00
18	sessions	0001_initial	2023-11-15 14:58:51.57232+00
19	products	0001_initial	2023-11-15 15:43:04.831922+00
20	products	0002_category_image_product_discount_product_large_image_and_more	2023-11-27 14:44:37.030024+00
21	products	0003_remove_product_nutritional_info_product_calories_and_more	2023-11-27 14:44:37.126498+00
22	products	0004_subcategory_image	2023-11-27 16:08:28.669466+00
23	products	0005_remove_category_slug	2023-11-28 21:56:45.079371+00
\.


--
-- Data for Name: django_session; Type: TABLE DATA; Schema: public; Owner: admin
--

COPY public.django_session (session_key, session_data, expire_date) FROM stdin;
y7gmucel3g1yhkdyri63voufskqjrrlc	.eJxVjEEOwiAQAP_C2RBwwYJH776BLLtbqRqalPZk_LuS9KDXmcm8VMJtLWlrsqSJ1VlZdfhlGekhtQu-Y73Nmua6LlPWPdG7bfo6szwve_s3KNhK3xq2JmRAQYwkGUZGazxlz855CM4TigjYAb4FUzwaZ04xjhB4iCzq_QEFgjiy:1r3HRL:ZdVG8BeU8TPc7GrJdebCAnVV8a0JD3AZyj2IFekWXQQ	2023-11-29 15:04:27.16983+00
2pqxpeexspndeamfggsal6kqxe8xqxjx	.eJxVjEEOwiAQAP_C2RBwwYJH776BLLtbqRqalPZk_LuS9KDXmcm8VMJtLWlrsqSJ1VlZdfhlGekhtQu-Y73Nmua6LlPWPdG7bfo6szwve_s3KNhK3xq2JmRAQYwkGUZGazxlz855CM4TigjYAb4FUzwaZ04xjhB4iCzq_QEFgjiy:1r3L1e:At2CCFRf92IQ8-hmIMFvGM32PoLIbxYqvl8C2KianDU	2023-11-29 18:54:10.746734+00
2mw5j664wvutgqm3ftjdwtyia5643sor	.eJxVjEEOwiAQAP_C2RBwwYJH776BLLtbqRqalPZk_LuS9KDXmcm8VMJtLWlrsqSJ1VlZdfhlGekhtQu-Y73Nmua6LlPWPdG7bfo6szwve_s3KNhK3xq2JmRAQYwkGUZGazxlz855CM4TigjYAb4FUzwaZ04xjhB4iCzq_QEFgjiy:1r7crL:PazU89xRC-dObGs7Q5iRQH1_H9F2hHqce6v4JFbr6HI	2023-12-11 14:45:15.641192+00
\.


--
-- Data for Name: group; Type: TABLE DATA; Schema: public; Owner: admin
--

COPY public."group" (id, title, subcategory_id) FROM stdin;
1	Молоко	1
2	Яйца	1
3	Сметана	1
\.


--
-- Data for Name: products; Type: TABLE DATA; Schema: public; Owner: admin
--

COPY public.products (id, title, description, price, volume_or_weight, composition, storage_conditions, storage_period, manufacturer, group_id, discount, large_image, small_image, calories, carbohydrates, fats, feature, proteins) FROM stdin;
ba8586f3-807b-4ef0-8a7d-291b71847845	Сметана Любимое молоко 15%		68.00	300 г	Сливки, закваска молочнокислых культур	При температуре от +2°С до +4°С	1 месяц	АО Любинский молочноконсервный комбинат, Россия	3	11	img/products/large/132968_682656811.jpg	img/products/small/132968_682656811.jpg	160	3,6 г	15 г	\N	2,6 г
6482025f-72c4-4158-8e7f-705855595982	Молоко Parmalat ультрапастеризованное, 3,5%		125.00	1 л	Нормализованное коровье молоко	При температуре от +2°C до +25°C	9 месяцев	АО Белгородский молочный комбинат, Россия	1	0	img/products/large/89d40eec23db5880_4601662000016.jpg	img/products/small/89d40eec23db5880_4601662000016_Cpwz6LD.jpg	62	4,7 г	3,5 г	\N	3 г
f2c97a39-8f22-4d9b-9787-22927f822294	Молоко Лужайкино пастеризованное, 2,5%		79.00	900 г	Молоко цельное, молоко обезжиренное	При температуре от +2°C до +6°C	20 дней	ООО Милком, Россия	1	0	img/products/large/5bb617cac0a1ec28_00b69d92-6af8-11ed-885b-08c0eb32014b.jpeg	img/products/small/5bb617cac0a1ec28_00b69d92-6af8-11ed-885b-08c0eb32014b.jpeg	54	4,8 г	2,5 г	\N	2,9 г
716f7fc5-80e3-490a-b95a-741da72dd1d3	Молоко Домик в деревне пастеризованное, 2,5%	Упаковка состоит из двух видов пластика, которые подходят для переработки. Ополосните и сомните бутылку, открутите крышку — её можно сдать отдельно.\r\n\r\nМаркировки на упаковке. 1 PET — полиэтилентерефталат. 2 HDPE — полиэтилен низкого давления.	99.00	930 мл	Молоко нормализованное	При температуре от +2°С до +6°С	16 дней	АО Вимм-Билль-Данн, Россия	1	25	img/products/large/158334_425819778.jpg	img/products/small/158334_425819778_Xozh3yI.jpg	55	4,7 г	2,5 г	\N	2,9 г
cebf16ae-4c1a-4621-9d13-94681ec067e7	Молоко Домик в деревне ультрапастеризованное, 2,5%		139.00	950 г	Молоко нормализованное	При температуре от +2°С до +25°С	9 месяцев	АО Вимм-Билль-Данн, Россия	1	28	img/products/large/270b60da-26cd-4b20-a5c9-57b27cae1b4d.jpg	img/products/small/270b60da-26cd-4b20-a5c9-57b27cae1b4d.jpg	53	4,7 г	2,5 г	\N	2,9 г
f8805fb4-cf49-425b-ae05-6a61a25511e1	Молоко Parmalat Comfort, безлактозное, 1,8%		174.00	1 л	Нормализованное молоко	При температуре от +2°C до +25°C	6 месяцев	АО Белгородский молочный комбинат, Россия	1	15	img/products/large/a73cd3683202047f_4601662006162.jpg	img/products/small/a73cd3683202047f_4601662006162.jpg	47	4,7	1,8	\N	3
ed82b639-d8e2-4f39-b24c-85bb35b5fdf2	Яйцо куриное Иртышское Деревенское С1		145.00	10 шт.	Яйцо куриное	При температуре от 0°C до +20°C	25 дней	ЗАО Иртышское, Россия	2	0	img/products/large/5765be17f1b9503c_4607176900064.jpg	img/products/small/5765be17f1b9503c_4607176900064.jpg	157	0,7 г	11,5 г	\N	12,7 г
45451081-771a-4d58-ac79-ff3edf99b0e9	Яйцо куриное Иртышское С1, столовое		145.00	10 шт.	Яйцо куриное	При температуре от 0°C до +20°C	25 дней	ЗАО Иртышское, Россия	2	0	img/products/large/9d358b14418e4596_4607176900019.jpg	img/products/small/9d358b14418e4596_4607176900019.jpg	157	0,7 г	11,5 г	\N	12,7 г
917f1f74-1006-49f1-872f-4b2e8ae5fb01	Сметана Домик в деревне 20%	Упаковка состоит из материалов, которые можно переработать. Перед сдачей ополосните банку.\r\n\r\nМаркировки на упаковке. 1 PET — полиэтилентерефталат. 5 PP — полипропилен.	129.00	300 г	Сливки нормализованные, закваска	При температуре от +2°С до +6°С	1 месяц	АО Вимм-Билль-Данн, Россия	3	31	img/products/large/114195_170409989.jpg	img/products/small/114195_170409989.jpg	204	3,4 г	20 г	\N	2,5 г
\.


--
-- Data for Name: subcategory; Type: TABLE DATA; Schema: public; Owner: admin
--

COPY public.subcategory (id, title, slug, category_id, image) FROM stdin;
2	Йогурты и десерты	moloko-yajca-i-syr-jogurty-i-deserty	1	img/subcategory/default.jpg
1	Молочное и яйца	moloko-yajca-i-syr-molochnoe-i-yajca	1	img/subcategory/9ecb524e05b2b4b3.jpg
3	Сыр	moloko-yajca-i-syr-syr	1	img/subcategory/default.jpg
4	Хлеб	hleb-i-vypechka-hleb	2	img/subcategory/default.jpg
6	Хлебцы, сухари и сушки	hleb-i-vypechka-hlebcy-suhari-i-sushki	2	img/subcategory/default.jpg
5	Выпечка	hleb-i-vypechka-vypechka	2	img/subcategory/default.jpg
10	Колбаса и сосиски	myaso-i-ryba-kolbasa-i-sosiski	4	img/subcategory/default.jpg
9	Мясо и птица	myaso-i-ryba-myaso-i-ptica	4	img/subcategory/default.jpg
11	Рыба и дары моря	myaso-i-ryba-ryba-i-dary-morya	4	img/subcategory/default.jpg
8	Фрукты и ягоды	ovoschi-i-frukty-frukty-i-yagody	3	img/subcategory/default.jpg
7	Овощи, грибы и зелень	ovoschi-i-frukty-ovoschi-i-zelen	3	img/subcategory/default.jpg
12	Мороженное	sladkoe-morozhenoe	5	img/subcategory/default.jpg
\.


--
-- Name: Group_id_seq; Type: SEQUENCE SET; Schema: public; Owner: admin
--

SELECT pg_catalog.setval('public."Group_id_seq"', 3, true);


--
-- Name: auth_group_id_seq; Type: SEQUENCE SET; Schema: public; Owner: admin
--

SELECT pg_catalog.setval('public.auth_group_id_seq', 1, false);


--
-- Name: auth_group_permissions_id_seq; Type: SEQUENCE SET; Schema: public; Owner: admin
--

SELECT pg_catalog.setval('public.auth_group_permissions_id_seq', 1, false);


--
-- Name: auth_permission_id_seq; Type: SEQUENCE SET; Schema: public; Owner: admin
--

SELECT pg_catalog.setval('public.auth_permission_id_seq', 40, true);


--
-- Name: auth_user_groups_id_seq; Type: SEQUENCE SET; Schema: public; Owner: admin
--

SELECT pg_catalog.setval('public.auth_user_groups_id_seq', 1, false);


--
-- Name: auth_user_id_seq; Type: SEQUENCE SET; Schema: public; Owner: admin
--

SELECT pg_catalog.setval('public.auth_user_id_seq', 1, true);


--
-- Name: auth_user_user_permissions_id_seq; Type: SEQUENCE SET; Schema: public; Owner: admin
--

SELECT pg_catalog.setval('public.auth_user_user_permissions_id_seq', 1, false);


--
-- Name: category_id_seq; Type: SEQUENCE SET; Schema: public; Owner: admin
--

SELECT pg_catalog.setval('public.category_id_seq', 5, true);


--
-- Name: django_admin_log_id_seq; Type: SEQUENCE SET; Schema: public; Owner: admin
--

SELECT pg_catalog.setval('public.django_admin_log_id_seq', 57, true);


--
-- Name: django_content_type_id_seq; Type: SEQUENCE SET; Schema: public; Owner: admin
--

SELECT pg_catalog.setval('public.django_content_type_id_seq', 10, true);


--
-- Name: django_migrations_id_seq; Type: SEQUENCE SET; Schema: public; Owner: admin
--

SELECT pg_catalog.setval('public.django_migrations_id_seq', 23, true);


--
-- Name: subcategory_id_seq; Type: SEQUENCE SET; Schema: public; Owner: admin
--

SELECT pg_catalog.setval('public.subcategory_id_seq', 12, true);


--
-- Name: group Group_pkey; Type: CONSTRAINT; Schema: public; Owner: admin
--

ALTER TABLE ONLY public."group"
    ADD CONSTRAINT "Group_pkey" PRIMARY KEY (id);


--
-- Name: group Group_title_key; Type: CONSTRAINT; Schema: public; Owner: admin
--

ALTER TABLE ONLY public."group"
    ADD CONSTRAINT "Group_title_key" UNIQUE (title);


--
-- Name: products Product_pkey; Type: CONSTRAINT; Schema: public; Owner: admin
--

ALTER TABLE ONLY public.products
    ADD CONSTRAINT "Product_pkey" PRIMARY KEY (id);


--
-- Name: products Product_title_key; Type: CONSTRAINT; Schema: public; Owner: admin
--

ALTER TABLE ONLY public.products
    ADD CONSTRAINT "Product_title_key" UNIQUE (title);


--
-- Name: auth_group auth_group_name_key; Type: CONSTRAINT; Schema: public; Owner: admin
--

ALTER TABLE ONLY public.auth_group
    ADD CONSTRAINT auth_group_name_key UNIQUE (name);


--
-- Name: auth_group_permissions auth_group_permissions_group_id_permission_id_0cd325b0_uniq; Type: CONSTRAINT; Schema: public; Owner: admin
--

ALTER TABLE ONLY public.auth_group_permissions
    ADD CONSTRAINT auth_group_permissions_group_id_permission_id_0cd325b0_uniq UNIQUE (group_id, permission_id);


--
-- Name: auth_group_permissions auth_group_permissions_pkey; Type: CONSTRAINT; Schema: public; Owner: admin
--

ALTER TABLE ONLY public.auth_group_permissions
    ADD CONSTRAINT auth_group_permissions_pkey PRIMARY KEY (id);


--
-- Name: auth_group auth_group_pkey; Type: CONSTRAINT; Schema: public; Owner: admin
--

ALTER TABLE ONLY public.auth_group
    ADD CONSTRAINT auth_group_pkey PRIMARY KEY (id);


--
-- Name: auth_permission auth_permission_content_type_id_codename_01ab375a_uniq; Type: CONSTRAINT; Schema: public; Owner: admin
--

ALTER TABLE ONLY public.auth_permission
    ADD CONSTRAINT auth_permission_content_type_id_codename_01ab375a_uniq UNIQUE (content_type_id, codename);


--
-- Name: auth_permission auth_permission_pkey; Type: CONSTRAINT; Schema: public; Owner: admin
--

ALTER TABLE ONLY public.auth_permission
    ADD CONSTRAINT auth_permission_pkey PRIMARY KEY (id);


--
-- Name: auth_user_groups auth_user_groups_pkey; Type: CONSTRAINT; Schema: public; Owner: admin
--

ALTER TABLE ONLY public.auth_user_groups
    ADD CONSTRAINT auth_user_groups_pkey PRIMARY KEY (id);


--
-- Name: auth_user_groups auth_user_groups_user_id_group_id_94350c0c_uniq; Type: CONSTRAINT; Schema: public; Owner: admin
--

ALTER TABLE ONLY public.auth_user_groups
    ADD CONSTRAINT auth_user_groups_user_id_group_id_94350c0c_uniq UNIQUE (user_id, group_id);


--
-- Name: auth_user auth_user_pkey; Type: CONSTRAINT; Schema: public; Owner: admin
--

ALTER TABLE ONLY public.auth_user
    ADD CONSTRAINT auth_user_pkey PRIMARY KEY (id);


--
-- Name: auth_user_user_permissions auth_user_user_permissions_pkey; Type: CONSTRAINT; Schema: public; Owner: admin
--

ALTER TABLE ONLY public.auth_user_user_permissions
    ADD CONSTRAINT auth_user_user_permissions_pkey PRIMARY KEY (id);


--
-- Name: auth_user_user_permissions auth_user_user_permissions_user_id_permission_id_14a6b632_uniq; Type: CONSTRAINT; Schema: public; Owner: admin
--

ALTER TABLE ONLY public.auth_user_user_permissions
    ADD CONSTRAINT auth_user_user_permissions_user_id_permission_id_14a6b632_uniq UNIQUE (user_id, permission_id);


--
-- Name: auth_user auth_user_username_key; Type: CONSTRAINT; Schema: public; Owner: admin
--

ALTER TABLE ONLY public.auth_user
    ADD CONSTRAINT auth_user_username_key UNIQUE (username);


--
-- Name: category category_pkey; Type: CONSTRAINT; Schema: public; Owner: admin
--

ALTER TABLE ONLY public.category
    ADD CONSTRAINT category_pkey PRIMARY KEY (id);


--
-- Name: category category_title_key; Type: CONSTRAINT; Schema: public; Owner: admin
--

ALTER TABLE ONLY public.category
    ADD CONSTRAINT category_title_key UNIQUE (title);


--
-- Name: django_admin_log django_admin_log_pkey; Type: CONSTRAINT; Schema: public; Owner: admin
--

ALTER TABLE ONLY public.django_admin_log
    ADD CONSTRAINT django_admin_log_pkey PRIMARY KEY (id);


--
-- Name: django_content_type django_content_type_app_label_model_76bd3d3b_uniq; Type: CONSTRAINT; Schema: public; Owner: admin
--

ALTER TABLE ONLY public.django_content_type
    ADD CONSTRAINT django_content_type_app_label_model_76bd3d3b_uniq UNIQUE (app_label, model);


--
-- Name: django_content_type django_content_type_pkey; Type: CONSTRAINT; Schema: public; Owner: admin
--

ALTER TABLE ONLY public.django_content_type
    ADD CONSTRAINT django_content_type_pkey PRIMARY KEY (id);


--
-- Name: django_migrations django_migrations_pkey; Type: CONSTRAINT; Schema: public; Owner: admin
--

ALTER TABLE ONLY public.django_migrations
    ADD CONSTRAINT django_migrations_pkey PRIMARY KEY (id);


--
-- Name: django_session django_session_pkey; Type: CONSTRAINT; Schema: public; Owner: admin
--

ALTER TABLE ONLY public.django_session
    ADD CONSTRAINT django_session_pkey PRIMARY KEY (session_key);


--
-- Name: subcategory subcategory_pkey; Type: CONSTRAINT; Schema: public; Owner: admin
--

ALTER TABLE ONLY public.subcategory
    ADD CONSTRAINT subcategory_pkey PRIMARY KEY (id);


--
-- Name: subcategory subcategory_slug_key; Type: CONSTRAINT; Schema: public; Owner: admin
--

ALTER TABLE ONLY public.subcategory
    ADD CONSTRAINT subcategory_slug_key UNIQUE (slug);


--
-- Name: subcategory subcategory_title_key; Type: CONSTRAINT; Schema: public; Owner: admin
--

ALTER TABLE ONLY public.subcategory
    ADD CONSTRAINT subcategory_title_key UNIQUE (title);


--
-- Name: Group_subcategory_id_8ea3e3b2; Type: INDEX; Schema: public; Owner: admin
--

CREATE INDEX "Group_subcategory_id_8ea3e3b2" ON public."group" USING btree (subcategory_id);


--
-- Name: Group_title_35123563_like; Type: INDEX; Schema: public; Owner: admin
--

CREATE INDEX "Group_title_35123563_like" ON public."group" USING btree (title varchar_pattern_ops);


--
-- Name: Product_group_id_45be8248; Type: INDEX; Schema: public; Owner: admin
--

CREATE INDEX "Product_group_id_45be8248" ON public.products USING btree (group_id);


--
-- Name: Product_title_34006cda_like; Type: INDEX; Schema: public; Owner: admin
--

CREATE INDEX "Product_title_34006cda_like" ON public.products USING btree (title varchar_pattern_ops);


--
-- Name: auth_group_name_a6ea08ec_like; Type: INDEX; Schema: public; Owner: admin
--

CREATE INDEX auth_group_name_a6ea08ec_like ON public.auth_group USING btree (name varchar_pattern_ops);


--
-- Name: auth_group_permissions_group_id_b120cbf9; Type: INDEX; Schema: public; Owner: admin
--

CREATE INDEX auth_group_permissions_group_id_b120cbf9 ON public.auth_group_permissions USING btree (group_id);


--
-- Name: auth_group_permissions_permission_id_84c5c92e; Type: INDEX; Schema: public; Owner: admin
--

CREATE INDEX auth_group_permissions_permission_id_84c5c92e ON public.auth_group_permissions USING btree (permission_id);


--
-- Name: auth_permission_content_type_id_2f476e4b; Type: INDEX; Schema: public; Owner: admin
--

CREATE INDEX auth_permission_content_type_id_2f476e4b ON public.auth_permission USING btree (content_type_id);


--
-- Name: auth_user_groups_group_id_97559544; Type: INDEX; Schema: public; Owner: admin
--

CREATE INDEX auth_user_groups_group_id_97559544 ON public.auth_user_groups USING btree (group_id);


--
-- Name: auth_user_groups_user_id_6a12ed8b; Type: INDEX; Schema: public; Owner: admin
--

CREATE INDEX auth_user_groups_user_id_6a12ed8b ON public.auth_user_groups USING btree (user_id);


--
-- Name: auth_user_user_permissions_permission_id_1fbb5f2c; Type: INDEX; Schema: public; Owner: admin
--

CREATE INDEX auth_user_user_permissions_permission_id_1fbb5f2c ON public.auth_user_user_permissions USING btree (permission_id);


--
-- Name: auth_user_user_permissions_user_id_a95ead1b; Type: INDEX; Schema: public; Owner: admin
--

CREATE INDEX auth_user_user_permissions_user_id_a95ead1b ON public.auth_user_user_permissions USING btree (user_id);


--
-- Name: auth_user_username_6821ab7c_like; Type: INDEX; Schema: public; Owner: admin
--

CREATE INDEX auth_user_username_6821ab7c_like ON public.auth_user USING btree (username varchar_pattern_ops);


--
-- Name: category_title_9a15705e_like; Type: INDEX; Schema: public; Owner: admin
--

CREATE INDEX category_title_9a15705e_like ON public.category USING btree (title varchar_pattern_ops);


--
-- Name: django_admin_log_content_type_id_c4bce8eb; Type: INDEX; Schema: public; Owner: admin
--

CREATE INDEX django_admin_log_content_type_id_c4bce8eb ON public.django_admin_log USING btree (content_type_id);


--
-- Name: django_admin_log_user_id_c564eba6; Type: INDEX; Schema: public; Owner: admin
--

CREATE INDEX django_admin_log_user_id_c564eba6 ON public.django_admin_log USING btree (user_id);


--
-- Name: django_session_expire_date_a5c62663; Type: INDEX; Schema: public; Owner: admin
--

CREATE INDEX django_session_expire_date_a5c62663 ON public.django_session USING btree (expire_date);


--
-- Name: django_session_session_key_c0390e0f_like; Type: INDEX; Schema: public; Owner: admin
--

CREATE INDEX django_session_session_key_c0390e0f_like ON public.django_session USING btree (session_key varchar_pattern_ops);


--
-- Name: subcategory_category_id_4b55556d; Type: INDEX; Schema: public; Owner: admin
--

CREATE INDEX subcategory_category_id_4b55556d ON public.subcategory USING btree (category_id);


--
-- Name: subcategory_slug_2c8c7c1a_like; Type: INDEX; Schema: public; Owner: admin
--

CREATE INDEX subcategory_slug_2c8c7c1a_like ON public.subcategory USING btree (slug varchar_pattern_ops);


--
-- Name: subcategory_title_463579c9_like; Type: INDEX; Schema: public; Owner: admin
--

CREATE INDEX subcategory_title_463579c9_like ON public.subcategory USING btree (title varchar_pattern_ops);


--
-- Name: group Group_subcategory_id_8ea3e3b2_fk_subcategory_id; Type: FK CONSTRAINT; Schema: public; Owner: admin
--

ALTER TABLE ONLY public."group"
    ADD CONSTRAINT "Group_subcategory_id_8ea3e3b2_fk_subcategory_id" FOREIGN KEY (subcategory_id) REFERENCES public.subcategory(id) DEFERRABLE INITIALLY DEFERRED;


--
-- Name: products Product_group_id_45be8248_fk_Group_id; Type: FK CONSTRAINT; Schema: public; Owner: admin
--

ALTER TABLE ONLY public.products
    ADD CONSTRAINT "Product_group_id_45be8248_fk_Group_id" FOREIGN KEY (group_id) REFERENCES public."group"(id) DEFERRABLE INITIALLY DEFERRED;


--
-- Name: auth_group_permissions auth_group_permissio_permission_id_84c5c92e_fk_auth_perm; Type: FK CONSTRAINT; Schema: public; Owner: admin
--

ALTER TABLE ONLY public.auth_group_permissions
    ADD CONSTRAINT auth_group_permissio_permission_id_84c5c92e_fk_auth_perm FOREIGN KEY (permission_id) REFERENCES public.auth_permission(id) DEFERRABLE INITIALLY DEFERRED;


--
-- Name: auth_group_permissions auth_group_permissions_group_id_b120cbf9_fk_auth_group_id; Type: FK CONSTRAINT; Schema: public; Owner: admin
--

ALTER TABLE ONLY public.auth_group_permissions
    ADD CONSTRAINT auth_group_permissions_group_id_b120cbf9_fk_auth_group_id FOREIGN KEY (group_id) REFERENCES public.auth_group(id) DEFERRABLE INITIALLY DEFERRED;


--
-- Name: auth_permission auth_permission_content_type_id_2f476e4b_fk_django_co; Type: FK CONSTRAINT; Schema: public; Owner: admin
--

ALTER TABLE ONLY public.auth_permission
    ADD CONSTRAINT auth_permission_content_type_id_2f476e4b_fk_django_co FOREIGN KEY (content_type_id) REFERENCES public.django_content_type(id) DEFERRABLE INITIALLY DEFERRED;


--
-- Name: auth_user_groups auth_user_groups_group_id_97559544_fk_auth_group_id; Type: FK CONSTRAINT; Schema: public; Owner: admin
--

ALTER TABLE ONLY public.auth_user_groups
    ADD CONSTRAINT auth_user_groups_group_id_97559544_fk_auth_group_id FOREIGN KEY (group_id) REFERENCES public.auth_group(id) DEFERRABLE INITIALLY DEFERRED;


--
-- Name: auth_user_groups auth_user_groups_user_id_6a12ed8b_fk_auth_user_id; Type: FK CONSTRAINT; Schema: public; Owner: admin
--

ALTER TABLE ONLY public.auth_user_groups
    ADD CONSTRAINT auth_user_groups_user_id_6a12ed8b_fk_auth_user_id FOREIGN KEY (user_id) REFERENCES public.auth_user(id) DEFERRABLE INITIALLY DEFERRED;


--
-- Name: auth_user_user_permissions auth_user_user_permi_permission_id_1fbb5f2c_fk_auth_perm; Type: FK CONSTRAINT; Schema: public; Owner: admin
--

ALTER TABLE ONLY public.auth_user_user_permissions
    ADD CONSTRAINT auth_user_user_permi_permission_id_1fbb5f2c_fk_auth_perm FOREIGN KEY (permission_id) REFERENCES public.auth_permission(id) DEFERRABLE INITIALLY DEFERRED;


--
-- Name: auth_user_user_permissions auth_user_user_permissions_user_id_a95ead1b_fk_auth_user_id; Type: FK CONSTRAINT; Schema: public; Owner: admin
--

ALTER TABLE ONLY public.auth_user_user_permissions
    ADD CONSTRAINT auth_user_user_permissions_user_id_a95ead1b_fk_auth_user_id FOREIGN KEY (user_id) REFERENCES public.auth_user(id) DEFERRABLE INITIALLY DEFERRED;


--
-- Name: django_admin_log django_admin_log_content_type_id_c4bce8eb_fk_django_co; Type: FK CONSTRAINT; Schema: public; Owner: admin
--

ALTER TABLE ONLY public.django_admin_log
    ADD CONSTRAINT django_admin_log_content_type_id_c4bce8eb_fk_django_co FOREIGN KEY (content_type_id) REFERENCES public.django_content_type(id) DEFERRABLE INITIALLY DEFERRED;


--
-- Name: django_admin_log django_admin_log_user_id_c564eba6_fk_auth_user_id; Type: FK CONSTRAINT; Schema: public; Owner: admin
--

ALTER TABLE ONLY public.django_admin_log
    ADD CONSTRAINT django_admin_log_user_id_c564eba6_fk_auth_user_id FOREIGN KEY (user_id) REFERENCES public.auth_user(id) DEFERRABLE INITIALLY DEFERRED;


--
-- Name: subcategory subcategory_category_id_4b55556d_fk_category_id; Type: FK CONSTRAINT; Schema: public; Owner: admin
--

ALTER TABLE ONLY public.subcategory
    ADD CONSTRAINT subcategory_category_id_4b55556d_fk_category_id FOREIGN KEY (category_id) REFERENCES public.category(id) DEFERRABLE INITIALLY DEFERRED;


--
-- PostgreSQL database dump complete
--

